CUS 0xd40,September,23,Scientist,19114.12,3,4
CUS 0xd40,October,24,Scientist,19114.12,3,4
CUS 0xd40,November,24,Scientist,19114.12,3,4
CUS 0xd40,December,24,Scientist,19114.12,3,4
CUS 0x21b1,September,28,       ,34847.84,2,4
CUS 0x21b1,October,28,Teacher,34847.84,2,4
CUS 0x21b1,November,28,Teacher,34847.84,2,4
CUS 0x21b1,December,28,Teacher,34847.84,2,4
CUS 0x2dbc,September,35,Engineer,143162.64,1,5
CUS 0x2dbc,October,35,Engineer,143162.64,1,5
CUS 0x2dbc,November,35,Engineer,143162.64,1,5
CUS 0x2dbc,December,35,Engineer,143162.64,1,5
CUS 0xb891,September,55,Entrepreneur,30689.89,2,5
CUS 0xb891,October,55,Entrepreneur,30689.89,2,5
CUS 0xb891,November,55,Entrepreneur,30689.89,2,5
CUS 0xb891,December,55,Entrepreneur,4148862,2,5
CUS 0x1cdb,September,22,Developer,35547.71,7,5
CUS 0x1cdb,October,22,Developer,35547.71,7,5
CUS 0x1cdb,November,22,Developer,35547.71,7,5
CUS 0x1cdb,December,22,Developer,35547.71,7,5
CUS 0x95ee,September,31,Lawyer,73928.46,4,5
CUS 0x95ee,October,32,Lawyer,73928.46,4,5
CUS 0x95ee,November,1694,Lawyer,73928.46,4,5
CUS 0x95ee,December,32,Lawyer,73928.46,4,5
CUS 0x284a,September,34,Lawyer,131313.4,0,1
CUS 0x284a,October,34,Lawyer,131313.4,0,1
CUS 0x284a,November,34,Lawyer,131313.4,0,1
CUS 0x284a,December,34,Lawyer,131313.4,0,1
CUS 0x5407,September,30,Media Manager,34081.38,8,7
CUS 0x5407,October,30,Media Manager,34081.38,8,7
CUS 0x5407,November,31,Media Manager,34081.38,8,7
CUS 0x5407,December,31,Media Manager,34081.38,8,7
CUS 0x4157,September,24,Doctor,114838.41,2,5
CUS 0x4157,October,24,Doctor,114838.41,2,5
CUS 0x4157,November,914,Doctor,114838.41,2,5
CUS 0x4157,December,24,Doctor,114838.41,2,5
CUS 0xba08,September,45,Journalist,31370.8,1,6
CUS 0xba08,October,45,Journalist,31370.8,1,6
CUS 0xba08,November,45,Journalist,31370.8,1,6
CUS 0xba08,December,45,Journalist,31370.8,1,6
CUS 0xa66b,September,41,Teacher,33751.27,5,5
CUS 0xa66b,October,41,       ,33751.27,5,5
CUS 0xa66b,November,41,Teacher,33751.27,5,5
CUS 0xa66b,December,41,Teacher,33751.27,5,5
CUS 0xc0ab,September,33,Engineer,88640.24,3,6
CUS 0xc0ab,October,33,Engineer,88640.24,3,6
CUS 0xc0ab,November,33,       ,88640.24,3,6
CUS 0xc0ab,December,33,Engineer,88640.24,3,6
CUS 0x3e45,September,36,Entrepreneur,54392.16,6,4
CUS 0x3e45,October,36,Entrepreneur,54392.16,6,4
CUS 0x3e45,November,36,Entrepreneur,54392.16,6,4
CUS 0x3e45,December,36,Entrepreneur,54392.16,6,4
CUS 0x6c66,September,39,Manager,8701.545,6,5
CUS 0x6c66,October,39,       ,8701.545,6,5
CUS 0x6c66,November,40,       ,8701.545,6,5
CUS 0x6c66,December,40,Manager,8701.545,6,5
CUS 0xff4,September,37,Entrepreneur,25546.26,8,7
CUS 0xff4,October,37,Entrepreneur,25546.26,8,7
CUS 0xff4,November,37,       ,25546.26,8,7
CUS 0xff4,December,37,Entrepreneur,25546.26,8,7
CUS 0x33d2,September,31,Scientist,31993.78,6,6
CUS 0x33d2,October,31,Scientist,31993.78,163,6
CUS 0x33d2,November,31,Scientist,31993.78,6,6
CUS 0x33d2,December,31,       ,31993.78,6,6
CUS 0x6070,September,21,Accountant,92047.08,6,7
CUS 0x6070,October,21,Accountant,92047.08,6,7
CUS 0x6070,November,21,Accountant,92047.08,6,7
CUS 0x6070,December,21,Accountant,92047.08,6,7
CUS 0xfdb,September,46,Teacher,32284.62,6,7
CUS 0xfdb,October,46,Teacher,32284.62,6,7
CUS 0xfdb,November,46,       ,32284.62,6,7
CUS 0xfdb,December,46,Teacher,32284.62,6,7
CUS 0x3553,September,26,       ,97791.42,6,6
CUS 0x3553,October,27,Musician,97791.42,6,6
CUS 0x3553,November,27,Musician,97791.42,6,6
CUS 0x3553,December,27,Musician,97791.42,6,6
CUS 0x4100,September,32,Entrepreneur,19300.34,6,7
CUS 0x4100,October,32,Entrepreneur,19300.34,6,7
CUS 0x4100,November,32,Entrepreneur,19300.34,6,7
CUS 0x4100,December,32,Entrepreneur,19300.34,6,7
CUS 0x132f,September,41,Musician,19514.88,7,5
CUS 0x132f,October,42,Musician,19514.88,7,5
CUS 0x132f,November,42,Musician,19514.88,7,5
CUS 0x132f,December,42,Musician,19514.88,7,5
CUS 0xa16e,September,42,Media Manager,10183.015,7,5
CUS 0xa16e,October,42,Media Manager,10183.015,7,5
CUS 0xa16e,November,42,Media Manager,10183.015,7,5
CUS 0xa16e,December,42,Media Manager,10183.015,7,5
CUS 0xac86,September,20,Entrepreneur,106733.13,4,4
CUS 0xac86,October,20,Entrepreneur,106733.13,4,4
CUS 0xac86,November,20,Entrepreneur,106733.13,4,4
CUS 0xac86,December,20,       ,106733.13,4,4
CUS 0x5b48,September,32,Lawyer,12600.445,5,5
CUS 0x5b48,October,32,Lawyer,12600.445,936,5
CUS 0x5b48,November,32,Lawyer,12600.445,5,5
CUS 0x5b48,December,32,Lawyer,12600.445,5,5
CUS 0xa5f9,September,34,Mechanic,57983.12,9,8
CUS 0xa5f9,October,35,Mechanic,57983.12,9,8
CUS 0xa5f9,November,35,Mechanic,57983.12,9,8
CUS 0xa5f9,December,35,Mechanic,57983.12,9,8
CUS 0x4d43,September,48,Entrepreneur,20787.69,8,6
CUS 0x4d43,October,48,Entrepreneur,20787.69,8,6
CUS 0x4d43,November,48,Entrepreneur,20787.69,8,6
CUS 0x4d43,December,49,Entrepreneur,20787.69,8,6
CUS 0xb95f,September,30,Writer,34290.12,9,8
CUS 0xb95f,October,30,Writer,34290.12,9,8
CUS 0xb95f,November,30,Writer,34290.12,9,8
CUS 0xb95f,December,30,Writer,34290.12,9,8
CUS 0x3edc,September,33,       ,43070.24,3,3
CUS 0x3edc,October,33,Accountant,43070.24,3,3
CUS 0x3edc,November,33,Accountant,43070.24,3,3
CUS 0x3edc,December,33,Accountant,43070.24,3,3
CUS 0xbffe,September,41,Architect,28572.39,6,3
CUS 0xbffe,October,41,Architect,28572.39,6,3
CUS 0xbffe,November,41,Architect,28572.39,6,3
CUS 0xbffe,December,41,Architect,28572.39,6,3
CUS 0xb681,September,38,Manager,39641.54,10,211
CUS 0xb681,October,38,Manager,39641.54,10,8
CUS 0xb681,November,38,Manager,39641.54,10,8
CUS 0xb681,December,38,Manager,39641.54,10,8
CUS 0x9a71,September,55,Scientist,20186.02,1,5
CUS 0x9a71,October,55,       ,20186.02,1,5
CUS 0x9a71,November,55,Scientist,20186.02,1,5
CUS 0x9a71,December,55,Scientist,20186.02,1,5
CUS 0x6048,September,44,Musician,18627.64,7,7
CUS 0x6048,October,44,Musician,18627.64,7,7
CUS 0x6048,November,44,Musician,18627.64,7,7
CUS 0x6048,December,44,Musician,18627.64,7,7
CUS 0x95b5,September,22,Engineer,12986.745,4,3
CUS 0x95b5,October,22,Engineer,12986.745,4,3
CUS 0x95b5,November,22,Engineer,12986.745,4,3
CUS 0x95b5,December,-500,Engineer,12986.745,4,3
CUS 0x4004,September,44,Writer,58317,8,5
CUS 0x4004,October,44,       ,58317,8,5
CUS 0x4004,November,44,Writer,58317,8,5
CUS 0x4004,December,44,Writer,58317,8,5
CUS 0xb101,September,37,Scientist,42171.98,2,7
CUS 0xb101,October,37,Scientist,42171.98,2,7
CUS 0xb101,November,37,Scientist,42171.98,2,7
CUS 0xb101,December,37,       ,42171.98,2,7
CUS 0x9b94,September,36,Manager,71681.4,3,6
CUS 0x9b94,October,36,Manager,71681.4,3,6
CUS 0x9b94,November,36,Manager,71681.4,3,6
CUS 0x9b94,December,36,Manager,71681.4,3,6
CUS 0x4080,September,16,Mechanic,29469.98,705,7
CUS 0x4080,October,16,Mechanic,29469.98,7,7
CUS 0x4080,November,17,Mechanic,29469.98,7,182
CUS 0x4080,December,17,Mechanic,29469.98,7,7
CUS 0x706a,September,20,Engineer,72559.36,4,5
CUS 0x706a,October,20,Engineer,72559.36,4,5
CUS 0x706a,November,20,Engineer,72559.36,4,5
CUS 0x706a,December,20,Engineer,72559.36,4,5
CUS 0x42ac,September,37,Musician,15566.02,8,5
CUS 0x42ac,October,37,Musician,15566.02,8,5
CUS 0x42ac,November,37,Musician,15566.02,8,5
CUS 0x42ac,December,37,Musician,15566.02,8,5
CUS 0x571f,September,19,Developer,66567.32,5,7
CUS 0x571f,October,19,Developer,66567.32,5,7
CUS 0x571f,November,19,Developer,66567.32,5,7
CUS 0x571f,December,19,Developer,66567.32,5,7
CUS 0xb5ff,September,33,Media Manager,12909.895,5,5
CUS 0xb5ff,October,3193,Media Manager,12909.895,5,5
CUS 0xb5ff,November,33,Media Manager,12909.895,5,5
CUS 0xb5ff,December,33,Media Manager,20601508,5,5
CUS 0x6a1b,September,33,Accountant,30788.44,7,9
CUS 0x6a1b,October,33,Accountant,30788.44,7,9
CUS 0x6a1b,November,33,Accountant,30788.44,7,9
CUS 0x6a1b,December,33,Accountant,30788.44,7,9
CUS 0x9bc1,September,42,Architect,20574.47,6,3
CUS 0x9bc1,October,42,Architect,20574.47,6,3
CUS 0x9bc1,November,43,Architect,20574.47,6,3
CUS 0x9bc1,December,43,Architect,20574.47,6,3
CUS 0xc65,September,339,       ,148699.32,3,4
CUS 0xc65,October,22,Lawyer,148699.32,3,4
CUS 0xc65,November,22,Lawyer,148699.32,3,4
CUS 0xc65,December,22,Lawyer,148699.32,3,4
CUS 0xaedb,September,20,Musician,85554.03,4,2
CUS 0xaedb,October,20,Musician,85554.03,4,2
CUS 0xaedb,November,20,Musician,85554.03,4,2
CUS 0xaedb,December,20,Musician,85554.03,4,2
CUS 0x8e9b,September,16,Entrepreneur,55829.79,10,10
CUS 0x8e9b,October,16,Entrepreneur,55829.79,10,914
CUS 0x8e9b,November,16,Entrepreneur,55829.79,10,10
CUS 0x8e9b,December,16,Entrepreneur,55829.79,10,10
CUS 0x609d,September,27,Architect,14165.23,7,10
CUS 0x609d,October,27,Architect,14165.23,7,10
CUS 0x609d,November,27,Architect,14165.23,7,10
CUS 0x609d,December,28,Architect,14165.23,7,10
CUS 0x75c6,September,30,Teacher,87215.68,2,6
CUS 0x75c6,October,30,Teacher,87215.68,2,6
CUS 0x75c6,November,31,Teacher,87215.68,2,6
CUS 0x75c6,December,31,Teacher,87215.68,2,6
CUS 0x9b3c,September,43,Lawyer,81842.28,10,9
CUS 0x9b3c,October,43,Lawyer,81842.28,10,9
CUS 0x9b3c,November,43,Lawyer,81842.28,10,9
CUS 0x9b3c,December,44,Lawyer,81842.28,10,9
CUS 0x22a3,September,38,Doctor,95956.5,8,4
CUS 0x22a3,October,39,Doctor,95956.5,8,4
CUS 0x22a3,November,39,Doctor,95956.5,8,4
CUS 0x22a3,December,39,Doctor,95956.5,8,4
CUS 0xb14,September,26,Manager,49967.01,6,5
CUS 0xb14,October,26,Manager,49967.01,6,5
CUS 0xb14,November,26,Manager,49967.01,6,5
CUS 0xb14,December,26,Manager,49967.01,6,5
CUS 0xb986,September,14,Developer,39887.22,9,9
CUS 0xb986,October,14,Developer,39887.22,9,9
CUS 0xb986,November,15,Developer,39887.22,9,9
CUS 0xb986,December,15,Developer,39887.22,9,9
CUS 0xbe1b,September,44,Developer,14129.76,8,5
CUS 0xbe1b,October,44,Developer,14129.76,8,5
CUS 0xbe1b,November,44,Developer,14129.76,8,5
CUS 0xbe1b,December,44,Developer,14129.76,8,5
CUS 0x9ce6,September,43,       ,123732.32,4,3
CUS 0x9ce6,October,43,Developer,123732.32,4,3
CUS 0x9ce6,November,43,Developer,123732.32,4,3
CUS 0x9ce6,December,43,Developer,123732.32,4,3
CUS 0x6ffb,September,37,Writer,17251.38,6,1304
CUS 0x6ffb,October,37,Writer,17251.38,6,3
CUS 0x6ffb,November,37,Writer,17251.38,6,3
CUS 0x6ffb,December,37,Writer,17251.38,6,3
CUS 0x4315,September,23,Entrepreneur,36822.29,8,7
CUS 0x4315,October,23,Entrepreneur,36822.29,8,7
CUS 0x4315,November,23,Entrepreneur,36822.29,8,7
CUS 0x4315,December,23,Entrepreneur,36822.29,8,7
CUS 0x3f5b,September,25,Doctor,80108.31,5,3
CUS 0x3f5b,October,25,Doctor,80108.31,5,3
CUS 0x3f5b,November,25,       ,80108.31,5,3
CUS 0x3f5b,December,26,Doctor,80108.31,5,3
CUS 0x9d78,September,21,Scientist,69977.6,10,7
CUS 0x9d78,October,21,Scientist,69977.6,845,7
CUS 0x9d78,November,21,Scientist,69977.6,10,7
CUS 0x9d78,December,21,Scientist,69977.6,10,7
CUS 0x47db,September,16,Musician,78988.48,9,5
CUS 0x47db,October,1203,Musician,78988.48,9,5
CUS 0x47db,November,17,Musician,78988.48,9,5
CUS 0x47db,December,17,Musician,78988.48,9,5
CUS 0x8f17,September,-500,Journalist,41746.76,8,5
CUS 0x8f17,October,46,Journalist,41746.76,8,5
CUS 0x8f17,November,46,Journalist,41746.76,8,5
CUS 0x8f17,December,2823,Journalist,41746.76,8,5
CUS 0x7d0b,September,22,Media Manager,19981.6,10,8
CUS 0x7d0b,October,22,Media Manager,19981.6,10,8
CUS 0x7d0b,November,22,Media Manager,19981.6,10,8
CUS 0x7d0b,December,22,Media Manager,19981.6,10,8
CUS 0x7504,September,19,Lawyer,73737.36,7,3
CUS 0x7504,October,19,Lawyer,73737.36,7,3
CUS 0x7504,November,19,Lawyer,73737.36,7,3
CUS 0x7504,December,19,Lawyer,73737.36,7,3
CUS 0x774,September,34,Musician,88362.46,5,2
CUS 0x774,October,34,Musician,88362.46,5,2
CUS 0x774,November,34,Musician,88362.46,5,2
CUS 0x774,December,34,       ,88362.46,5,510
CUS 0x9f70,September,46,Entrepreneur,118248.6,5,1
CUS 0x9f70,October,46,       ,118248.6,5,1
CUS 0x9f70,November,46,Entrepreneur,118248.6,5,1
CUS 0x9f70,December,46,Entrepreneur,118248.6,5,1
CUS 0xab76,September,26,Scientist,60162.1,5,7
CUS 0xab76,October,27,Scientist,60162.1,5,7
CUS 0xab76,November,27,Scientist,60162.1,5,7
CUS 0xab76,December,27,Scientist,60162.1,5,7
CUS 0x5cdf,September,18,Musician,75273.24,8,6
CUS 0x5cdf,October,18,Musician,75273.24,8,6
CUS 0x5cdf,November,18,       ,75273.24,8,6
CUS 0x5cdf,December,18,Musician,75273.24,8,6
CUS 0x2184,September,-500,Media Manager,54820.89,8,7
CUS 0x2184,October,18,Media Manager,54820.89,8,7
CUS 0x2184,November,19,Media Manager,54820.89,8,7
CUS 0x2184,December,19,Media Manager,54820.89,8,7
CUS 0xa156,September,42,Entrepreneur,58674.66,8,5
CUS 0xa156,October,43,Entrepreneur,58674.66,8,5
CUS 0xa156,November,43,Entrepreneur,58674.66,8,5
CUS 0xa156,December,43,Entrepreneur,58674.66,8,5
CUS 0x74f2,September,31,Architect,30390.44,5,6
CUS 0x74f2,October,31,Architect,30390.44,5,6
CUS 0x74f2,November,31,Architect,30390.44,5,6
CUS 0x74f2,December,31,Architect,30390.44,5,6
CUS 0x308b,September,43,Doctor,45207.54,8,8
CUS 0x308b,October,43,Doctor,45207.54,8,8
CUS 0x308b,November,43,Doctor,45207.54,8,8
CUS 0x308b,December,43,Doctor,45207.54,8,8
CUS 0x2827,September,18,Scientist,144546.72,0,3
CUS 0x2827,October,18,Scientist,144546.72,0,3
CUS 0x2827,November,18,Scientist,144546.72,0,3
CUS 0x2827,December,19,Scientist,144546.72,0,3
CUS 0xa295,September,39,Engineer,30346.35,5,4
CUS 0xa295,October,39,Engineer,30346.35,5,4
CUS 0xa295,November,39,       ,30346.35,5,4
CUS 0xa295,December,39,Engineer,30346.35,5,4
CUS 0x6c2e,September,47,Mechanic,18681.465,2,3
CUS 0x6c2e,October,47,Mechanic,18681.465,2,3
CUS 0x6c2e,November,47,Mechanic,18681.465,2,3
CUS 0x6c2e,December,47,Mechanic,18681.465,2,3
CUS 0x384c,September,42,Scientist,9841.34,8,9
CUS 0x384c,October,42,Scientist,9841.34,8,9
CUS 0x384c,November,42,Scientist,9841.34,8,9
CUS 0x384c,December,42,Scientist,10527110,8,9
CUS 0x6cbb,September,35,Media Manager,72330.98,0,3
CUS 0x6cbb,October,35,Media Manager,72330.98,0,3
CUS 0x6cbb,November,35,Media Manager,72330.98,0,3
CUS 0x6cbb,December,36,Media Manager,72330.98,1,4
CUS 0x36ab,September,16,       ,43241.49,10,7
CUS 0x36ab,October,16,Teacher,43241.49,1444,7
CUS 0x36ab,November,16,Teacher,43241.49,10,7
CUS 0x36ab,December,1643,Teacher,43241.49,10,7
CUS 0x6649,September,20,Mechanic,34106.78,8,5
CUS 0x6649,October,20,Mechanic,34106.78,8,5
CUS 0x6649,November,20,Mechanic,34106.78,8,5
CUS 0x6649,December,20,Mechanic,34106.78,8,5
CUS 0x6856,September,25,Teacher,129067.59,142,3
CUS 0x6856,October,25,Teacher,129067.59,1,3
CUS 0x6856,November,25,Teacher,129067.59,1,3
CUS 0x6856,December,25,Teacher,129067.59,1,3
CUS 0xa27e,September,34,Architect,17001.34,6,5
CUS 0xa27e,October,35,Architect,17001.34,6,5
CUS 0xa27e,November,35,Architect,17001.34,6,5
CUS 0xa27e,December,35,Architect,17001.34,6,5
CUS 0x700d,September,21,Accountant,44719.17,6,6
CUS 0x700d,October,21,Accountant,44719.17,6,6
CUS 0x700d,November,21,Accountant,44719.17,6,6
CUS 0x700d,December,21,Accountant,44719.17,6,6
CUS 0x78e0,September,48,       ,17787.34,8,4
CUS 0x78e0,October,48,Accountant,17787.34,8,4
CUS 0x78e0,November,48,Accountant,17787.34,8,4
CUS 0x78e0,December,48,Accountant,17787.34,8,4
CUS 0x6794,September,42,Teacher,103353.06,3,3
CUS 0x6794,October,42,Teacher,103353.06,3,3
CUS 0x6794,November,42,Teacher,4602545,3,3
CUS 0x6794,December,42,Teacher,103353.06,3,3
CUS 0xe2c,September,39,Journalist,31021.24,7,7
CUS 0xe2c,October,39,Journalist,31021.24,7,7
CUS 0xe2c,November,39,Journalist,31021.24,7,7
CUS 0xe2c,December,39,Journalist,31021.24,7,7
CUS 0x36bb,September,37,       ,134978.24,8,5
CUS 0x36bb,October,37,Journalist,134978.24,8,5
CUS 0x36bb,November,8327,       ,134978.24,8,5
CUS 0x36bb,December,37,Journalist,134978.24,8,5
CUS 0xa77f,September,29,Writer,39800.12,7,5
CUS 0xa77f,October,29,Writer,39800.12,7,5
CUS 0xa77f,November,29,Writer,39800.12,7,5
CUS 0xa77f,December,29,Writer,39800.12,7,5
CUS 0x1e70,September,18,Manager,14841.35,6,5
CUS 0x1e70,October,18,Manager,14841.35,6,5
CUS 0x1e70,November,18,Manager,14841.35,6,5
CUS 0x1e70,December,18,Manager,14841.35,6,5
CUS 0xa335,September,22,Architect,66105.4,6,8
CUS 0xa335,October,22,Architect,66105.4,6,8
CUS 0xa335,November,22,Architect,66105.4,6,8
CUS 0xa335,December,22,Architect,66105.4,6,8
CUS 0x71e0,September,28,Mechanic,15398.95,1,1226
CUS 0x71e0,October,28,Mechanic,15398.95,1,7
CUS 0x71e0,November,29,Mechanic,15398.95,1,7
CUS 0x71e0,December,29,Mechanic,15398.95,1,7
CUS 0x4af0,September,18,Developer,27070.07,7,3
CUS 0x4af0,October,18,Developer,27070.07,7,3
CUS 0x4af0,November,19,Developer,27070.07,7,3
CUS 0x4af0,December,19,       ,27070.07,7,3
CUS 0x3861,September,53,Engineer,17992.775,3,5
CUS 0x3861,October,53,Engineer,17992.775,3,5
CUS 0x3861,November,53,Engineer,17992.775,3,5
CUS 0x3861,December,53,Engineer,17992.775,3,5
CUS 0x240d,September,56,Musician,139354.48,3,3
CUS 0x240d,October,56,Musician,139354.48,3,3
CUS 0x240d,November,56,Musician,139354.48,3,3
CUS 0x240d,December,56,Musician,139354.48,3,3
CUS 0x2652,September,22,Teacher,18305.25,2,1
CUS 0x2652,October,23,Teacher,18305.25,2,1
CUS 0x2652,November,23,Teacher,18305.25,2,1
CUS 0x2652,December,23,       ,18305.25,2,1
CUS 0x259a,September,26,Journalist,27865.26,4,3
CUS 0x259a,October,26,Journalist,27865.26,4,3
CUS 0x259a,November,26,Journalist,27865.26,4,3
CUS 0x259a,December,26,Journalist,27865.26,4,3
CUS 0x28b5,September,36,Architect,23404.86,6,5
CUS 0x28b5,October,37,Architect,23404.86,6,5
CUS 0x28b5,November,37,Architect,23404.86,6,5
CUS 0x28b5,December,37,       ,23404.86,6,5
CUS 0x8643,September,34,Musician,14205.09,7,10
CUS 0x8643,October,34,Musician,14205.09,7,10
CUS 0x8643,November,34,Musician,14205.09,7,10
CUS 0x8643,December,34,Musician,14205.09,7,10
CUS 0x12d5,September,28,Scientist,62320.56,9,9
CUS 0x12d5,October,28,Scientist,62320.56,9,9
CUS 0x12d5,November,28,Scientist,62320.56,9,9
CUS 0x12d5,December,29,Scientist,62320.56,9,9
CUS 0x3f04,September,25,Manager,43758.34,5,6
CUS 0x3f04,October,6586,Manager,43758.34,5,6
CUS 0x3f04,November,25,Manager,43758.34,5,6
CUS 0x3f04,December,25,Manager,43758.34,5,6
CUS 0x62c6,September,20,Writer,144881.68,3,4
CUS 0x62c6,October,20,Writer,144881.68,3,4
CUS 0x62c6,November,21,Writer,144881.68,3,840
CUS 0x62c6,December,21,Writer,144881.68,3,4
CUS 0x398d,September,39,Media Manager,108147.3,3,6
CUS 0x398d,October,39,Media Manager,108147.3,3,6
CUS 0x398d,November,39,Media Manager,108147.3,3,6
CUS 0x398d,December,39,Media Manager,108147.3,3,6
CUS 0x618b,September,28,Lawyer,17759.1,6,8
CUS 0x618b,October,28,Lawyer,17759.1,6,8
CUS 0x618b,November,28,Lawyer,17759.1,6,8
CUS 0x618b,December,28,Lawyer,17759.1,6,1269
CUS 0x7250,September,37,Teacher,85328.73,3,4
CUS 0x7250,October,38,Teacher,85328.73,3,4
CUS 0x7250,November,38,Teacher,85328.73,3,4
CUS 0x7250,December,38,Teacher,85328.73,3,4
CUS 0x6435,September,27,Writer,134321.44,3,5
CUS 0x6435,October,27,Writer,134321.44,3,5
CUS 0x6435,November,27,       ,134321.44,3,5
CUS 0x6435,December,27,Writer,134321.44,3,5
CUS 0xb6ad,September,24,Lawyer,61008,10,5
CUS 0xb6ad,October,25,Lawyer,61008,10,5
CUS 0xb6ad,November,25,Lawyer,61008,10,5
CUS 0xb6ad,December,25,       ,61008,10,5
CUS 0x7878,September,19,Developer,28665.76,7,3
CUS 0x7878,October,20,Developer,28665.76,7,3
CUS 0x7878,November,7014,Developer,28665.76,297,3
CUS 0x7878,December,20,Developer,28665.76,7,3
CUS 0x35b5,September,19,Lawyer,56803.71,7,5
CUS 0x35b5,October,19,Lawyer,56803.71,7,5
CUS 0x35b5,November,19,Lawyer,56803.71,7,5
CUS 0x35b5,December,19,Lawyer,56803.71,7,5
CUS 0x7a0f,September,32,Architect,38364.82,9,6
CUS 0x7a0f,October,32,Architect,38364.82,9,6
CUS 0x7a0f,November,32,Architect,38364.82,9,6
CUS 0x7a0f,December,32,Architect,38364.82,9,6
CUS 0x1c09,September,22,       ,66528.24,5,5
CUS 0x1c09,October,22,       ,66528.24,5,5
CUS 0x1c09,November,22,Lawyer,66528.24,5,5
CUS 0x1c09,December,22,Lawyer,66528.24,5,5
CUS 0x2c0d,September,55,Doctor,19403.405,1,7
CUS 0x2c0d,October,55,Doctor,19403.405,1,7
CUS 0x2c0d,November,55,       ,19403.405,1,7
CUS 0x2c0d,December,56,Doctor,19403.405,1,7
CUS 0x9073,September,19,Journalist,31122.79,7,5
CUS 0x9073,October,20,Journalist,31122.79,7,5
CUS 0x9073,November,20,Journalist,31122.79,7,5
CUS 0x9073,December,20,       ,31122.79,7,5
CUS 0x2813,September,20,Architect,15015.4,5,5
CUS 0x2813,October,3391,Architect,15015.4,5,5
CUS 0x2813,November,20,Architect,15015.4,5,5
CUS 0x2813,December,20,       ,15015.4,5,5
CUS 0xac93,September,34,Engineer,19777.05,5,3
CUS 0xac93,October,34,Engineer,19777.05,5,3
CUS 0xac93,November,35,       ,19777.05,5,3
CUS 0xac93,December,35,Engineer,19777.05,5,3
CUS 0x8c69,September,25,Musician,20188.02,4,3
CUS 0x8c69,October,25,Musician,20188.02,4,3
CUS 0x8c69,November,25,Musician,20188.02,4,3
CUS 0x8c69,December,25,       ,20188.02,4,229
CUS 0x365a,September,54,Scientist,41345.58,0,5
CUS 0x365a,October,54,Scientist,41345.58,0,5
CUS 0x365a,November,54,Scientist,41345.58,0,5
CUS 0x365a,December,54,Scientist,41345.58,0,5
CUS 0x7586,September,32,Engineer,55151.04,10,6
CUS 0x7586,October,32,Engineer,55151.04,10,6
CUS 0x7586,November,32,Engineer,55151.04,10,6
CUS 0x7586,December,32,Engineer,55151.04,10,6
CUS 0x9c67,September,39,Manager,10125936,6,6
CUS 0x9c67,October,40,Manager,30536.62,6,6
CUS 0x9c67,November,40,Manager,30536.62,6,6
CUS 0x9c67,December,3765,Manager,30536.62,6,6
CUS 0x7caf,September,29,Architect,147499.6,2,2
CUS 0x7caf,October,29,Architect,7873905,2,2
CUS 0x7caf,November,30,Architect,147499.6,2,2
CUS 0x7caf,December,30,Architect,147499.6,2,2
CUS 0xa2f7,September,43,Architect,20005.22,8,3
CUS 0xa2f7,October,43,Architect,20005.22,8,3
CUS 0xa2f7,November,43,Architect,20005.22,8,3
CUS 0xa2f7,December,43,Architect,20005.22,8,3
CUS 0x5e17,September,33,Scientist,19795.52,7,1354
CUS 0x5e17,October,33,Scientist,19795.52,7,10
CUS 0x5e17,November,33,Scientist,19795.52,7,10
CUS 0x5e17,December,33,Scientist,19795.52,7,10
CUS 0x1288,September,34,Doctor,60938.13,10,8
CUS 0x1288,October,34,Doctor,60938.13,10,8
CUS 0x1288,November,34,Doctor,60938.13,10,8
CUS 0x1288,December,34,Doctor,60938.13,10,8
CUS 0x567b,September,54,Manager,80396.86,5,7
CUS 0x567b,October,55,Manager,80396.86,5,7
CUS 0x567b,November,55,Manager,80396.86,1156,7
CUS 0x567b,December,55,Manager,80396.86,5,7
CUS 0x2365,September,43,Writer,57610.32,8,10
CUS 0x2365,October,43,Writer,57610.32,8,10
CUS 0x2365,November,43,Writer,57610.32,8,10
CUS 0x2365,December,43,Writer,57610.32,8,10
CUS 0x8a04,September,37,Journalist,18717.02,8,5
CUS 0x8a04,October,37,Journalist,18717.02,8,5
CUS 0x8a04,November,37,Journalist,18717.02,8,5
CUS 0x8a04,December,37,Journalist,18717.02,8,5
CUS 0x6015,September,17,Journalist,19163.22,3,7
CUS 0x6015,October,18,Journalist,19163.22,3,7
CUS 0x6015,November,18,Journalist,19163.22,3,7
CUS 0x6015,December,18,Journalist,19163.22,3,7
CUS 0x21e6,September,48,Media Manager,94554.87,2,6
CUS 0x21e6,October,49,Media Manager,94554.87,2,6
CUS 0x21e6,November,49,       ,94554.87,2,6
CUS 0x21e6,December,49,Media Manager,94554.87,2,6
CUS 0xa9a6,September,27,Musician,63536.98,4,5
CUS 0xa9a6,October,28,Musician,63536.98,4,5
CUS 0xa9a6,November,28,Musician,63536.98,4,5
CUS 0xa9a6,December,-500,Musician,63536.98,4,5
CUS 0x3187,September,40,Architect,9983.345,7,11
CUS 0x3187,October,40,Architect,9983.345,7,11
CUS 0x3187,November,40,Architect,9983.345,7,11
CUS 0x3187,December,40,Architect,9983.345,7,11
CUS 0x3fbf,September,15,Accountant,27796.42,6,5
CUS 0x3fbf,October,15,Accountant,27796.42,6,5
CUS 0x3fbf,November,15,Accountant,27796.42,6,5
CUS 0x3fbf,December,15,Accountant,27796.42,6,5
CUS 0x953c,September,30,Engineer,132872.72,3,3
CUS 0x953c,October,30,Engineer,132872.72,3,3
CUS 0x953c,November,30,Engineer,132872.72,3,3
CUS 0x953c,December,30,Engineer,132872.72,3,3
CUS 0x4aaa,September,42,Architect,140014.36,3,7
CUS 0x4aaa,October,42,Architect,140014.36,3,7
CUS 0x4aaa,November,42,Architect,140014.36,4,8
CUS 0x4aaa,December,42,       ,140014.36,4,8
CUS 0x2947,September,48,Accountant,37071.2,1636,6
CUS 0x2947,October,48,Accountant,37071.2,1,6
CUS 0x2947,November,48,Accountant,37071.2,1,6
CUS 0x2947,December,48,       ,37071.2,1,6
CUS 0x30e0,September,20,Entrepreneur,41735.55,0,3
CUS 0x30e0,October,20,Entrepreneur,41735.55,0,3
CUS 0x30e0,November,20,Entrepreneur,41735.55,0,3
CUS 0x30e0,December,21,Entrepreneur,41735.55,0,3
CUS 0xc3b7,September,38,Architect,40391.66,10,7
CUS 0xc3b7,October,38,Architect,40391.66,10,7
CUS 0xc3b7,November,38,Architect,40391.66,10,7
CUS 0xc3b7,December,38,Architect,40391.66,10,7
CUS 0x1e9b,September,19,Writer,7441.295,5,8
CUS 0x1e9b,October,19,Writer,7441.295,5,8
CUS 0x1e9b,November,19,Writer,7441.295,5,8
CUS 0x1e9b,December,19,Writer,7441.295,5,8
CUS 0x3b88,September,41,Scientist,19065.32,3,6
CUS 0x3b88,October,41,Scientist,19065.32,3,6
CUS 0x3b88,November,41,Scientist,19065.32,3,6
CUS 0x3b88,December,41,Scientist,19065.32,3,6
CUS 0xae51,September,46,Entrepreneur,24585.55,3,4
CUS 0xae51,October,47,Entrepreneur,24585.55,3,4
CUS 0xae51,November,47,Entrepreneur,24585.55,3,4
CUS 0xae51,December,47,Entrepreneur,24585.55,3,4
CUS 0xb7ef,September,27,Manager,15013.73,7,4
CUS 0xb7ef,October,27,Manager,15013.73,7,4
CUS 0xb7ef,November,4472,Manager,15013.73,7,4
CUS 0xb7ef,December,27,Manager,15013.73,7,4
CUS 0xb288,September,44,Journalist,126006.68,4,3
CUS 0xb288,October,44,Journalist,126006.68,4,3
CUS 0xb288,November,44,Journalist,126006.68,4,3
CUS 0xb288,December,44,Journalist,126006.68,4,3
CUS 0x7a22,September,49,Developer,102885.32,3,5
CUS 0x7a22,October,49,Developer,102885.32,3,5
CUS 0x7a22,November,50,Developer,102885.32,3,5
CUS 0x7a22,December,50,Developer,102885.32,3,5
CUS 0x9495,September,39,Teacher,34212.01,6,5
CUS 0x9495,October,39,Teacher,34212.01,6,5
CUS 0x9495,November,39,Teacher,34212.01,6,5
CUS 0x9495,December,39,Teacher,34212.01,6,5
CUS 0x64f1,September,26,Entrepreneur,118487.16,8,4
CUS 0x64f1,October,26,Entrepreneur,118487.16,8,4
CUS 0x64f1,November,26,Entrepreneur,118487.16,8,4
CUS 0x64f1,December,27,Entrepreneur,118487.16,8,4
CUS 0x6749,September,26,Mechanic,77418.52,7,9
CUS 0x6749,October,26,Mechanic,77418.52,7,9
CUS 0x6749,November,27,Mechanic,77418.52,7,9
CUS 0x6749,December,27,Mechanic,77418.52,736,9
CUS 0xc1c9,September,46,Architect,24199.24,3,7
CUS 0xc1c9,October,46,Architect,24199.24,3,7
CUS 0xc1c9,November,4022,Architect,24199.24,3,7
CUS 0xc1c9,December,46,Architect,24199.24,3,7
CUS 0x230a,September,48,Musician,28587.29,4,644
CUS 0x230a,October,48,Musician,28587.29,4,1
CUS 0x230a,November,48,Musician,28587.29,4,1
CUS 0x230a,December,48,Musician,28587.29,4,1
CUS 0x8928,September,32,Manager,16578.115,3,5
CUS 0x8928,October,32,Manager,16578.115,3,5
CUS 0x8928,November,32,Manager,16578.115,3,5
CUS 0x8928,December,32,Manager,16578.115,3,5
CUS 0x682f,September,20,Writer,74647.4,6,5
CUS 0x682f,October,21,Writer,74647.4,6,5
CUS 0x682f,November,21,Writer,74647.4,6,5
CUS 0x682f,December,21,Writer,74647.4,6,5
CUS 0x4831,September,43,Mechanic,34766.06,0,1
CUS 0x4831,October,43,Mechanic,34766.06,521,1
CUS 0x4831,November,44,Mechanic,34766.06,0,1
CUS 0x4831,December,44,Mechanic,34766.06,0,1
CUS 0x32a5,September,23,Engineer,16852.635,4,6
CUS 0x32a5,October,23,Engineer,16852.635,4,6
CUS 0x32a5,November,23,Engineer,16852.635,4,6
CUS 0x32a5,December,23,Engineer,16852.635,4,6
CUS 0x710f,September,21,Scientist,33502.1,7,9
CUS 0x710f,October,21,Scientist,33502.1,7,9
CUS 0x710f,November,21,Scientist,33502.1,7,9
CUS 0x710f,December,21,Scientist,33502.1,7,9
CUS 0xa54b,September,28,Media Manager,91690.53,2,6
CUS 0xa54b,October,28,Media Manager,91690.53,2,6
CUS 0xa54b,November,28,Media Manager,91690.53,2,6
CUS 0xa54b,December,28,Media Manager,91690.53,2,6
CUS 0x564a,September,37,Entrepreneur,30502.54,8,7
CUS 0x564a,October,37,Entrepreneur,30502.54,8,7
CUS 0x564a,November,37,Entrepreneur,30502.54,8,7
CUS 0x564a,December,37,Entrepreneur,30502.54,8,7
CUS 0xb000,September,21,Media Manager,30272.61,3,1365
CUS 0xb000,October,21,Media Manager,30272.61,3,1092
CUS 0xb000,November,21,Media Manager,30272.61,3,3
CUS 0xb000,December,21,       ,30272.61,3,3
CUS 0x2584,September,31,Accountant,59971.42,8,5
CUS 0x2584,October,31,Accountant,59971.42,8,5
CUS 0x2584,November,31,Accountant,59971.42,8,5
CUS 0x2584,December,32,Accountant,59971.42,8,1289
CUS 0x5a3f,September,33,Accountant,42220.39,1,4
CUS 0x5a3f,October,33,Accountant,42220.39,1,4
CUS 0x5a3f,November,4576,Accountant,42220.39,1,4
CUS 0x5a3f,December,33,       ,42220.39,1,4
CUS 0xc341,September,51,       ,43581.13,4,3
CUS 0xc341,October,51,Architect,43581.13,4,3
CUS 0xc341,November,51,Architect,43581.13,4,3
CUS 0xc341,December,52,Architect,43581.13,4,3
CUS 0x1a96,September,50,Media Manager,28681.38,3,5
CUS 0x1a96,October,50,Media Manager,28681.38,3,5
CUS 0x1a96,November,50,Media Manager,28681.38,3,5
CUS 0x1a96,December,50,Media Manager,28681.38,3,5
CUS 0xb7a1,September,34,Doctor,35376.32,8,3
CUS 0xb7a1,October,34,Doctor,35376.32,8,3
CUS 0xb7a1,November,34,Doctor,35376.32,8,3
CUS 0xb7a1,December,34,Doctor,35376.32,8,3
CUS 0x31d5,September,49,Doctor,15488.885,0,4
CUS 0x31d5,October,49,Doctor,15488.885,0,4
CUS 0x31d5,November,49,Doctor,15488.885,0,4
CUS 0x31d5,December,49,Doctor,15488.885,0,4
CUS 0x45f7,September,26,Entrepreneur,19853.35,7,4
CUS 0x45f7,October,26,Entrepreneur,19853.35,7,4
CUS 0x45f7,November,26,Entrepreneur,19853.35,7,4
CUS 0x45f7,December,27,Entrepreneur,19853.35,7,4
CUS 0x6617,September,33,Writer,115643.01,3,7
CUS 0x6617,October,33,Writer,115643.01,3,7
CUS 0x6617,November,33,Writer,115643.01,3,7
CUS 0x6617,December,33,       ,115643.01,3,7
CUS 0x5b80,September,45,Journalist,7512.225,7,7
CUS 0x5b80,October,45,Journalist,7512.225,7,7
CUS 0x5b80,November,45,Journalist,7512.225,7,7
CUS 0x5b80,December,45,Journalist,7512.225,7,7
CUS 0xa548,September,-500,Mechanic,35161.46,10,8
CUS 0xa548,October,16,Mechanic,35161.46,10,8
CUS 0xa548,November,16,Mechanic,35161.46,10,8
CUS 0xa548,December,16,Mechanic,35161.46,10,8
CUS 0xb9ea,September,34,Writer,9133.045,6,7
CUS 0xb9ea,October,34,Writer,9133.045,6,7
CUS 0xb9ea,November,34,Writer,9133.045,6,7
CUS 0xb9ea,December,34,Writer,9133.045,6,7
CUS 0x54c0,September,23,Entrepreneur,19283.47,10,8
CUS 0x54c0,October,23,Entrepreneur,19283.47,10,8
CUS 0x54c0,November,23,Entrepreneur,19283.47,10,8
CUS 0x54c0,December,23,       ,19283.47,10,8
CUS 0x258b,September,24,       ,66502.76,0,6
CUS 0x258b,October,24,       ,66502.76,0,6
CUS 0x258b,November,24,Scientist,66502.76,0,6
CUS 0x258b,December,24,Scientist,66502.76,0,6
CUS 0x4bb4,September,34,Media Manager,9444.795,7,8
CUS 0x4bb4,October,34,Media Manager,9444.795,7,8
CUS 0x4bb4,November,34,Media Manager,9444.795,7,8
CUS 0x4bb4,December,34,Media Manager,9444.795,7,8
CUS 0x8e75,September,47,Doctor,70112.78,1,7
CUS 0x8e75,October,47,Doctor,70112.78,1,7
CUS 0x8e75,November,47,Doctor,70112.78,1,7
CUS 0x8e75,December,47,Doctor,70112.78,1,7
CUS 0xf95,September,18,Entrepreneur,15604.56,9,5
CUS 0xf95,October,18,       ,15604.56,9,5
CUS 0xf95,November,18,Entrepreneur,15604.56,9,5
CUS 0xf95,December,18,Entrepreneur,15604.56,9,5
CUS 0x4028,September,37,Manager,68935.26,1,5
CUS 0x4028,October,37,Manager,68935.26,1,5
CUS 0x4028,November,37,Manager,68935.26,1,5
CUS 0x4028,December,37,Manager,68935.26,1,5
CUS 0x8db8,September,43,Doctor,31807,8,3
CUS 0x8db8,October,43,Doctor,31807,8,3
CUS 0x8db8,November,43,Doctor,31807,8,3
CUS 0x8db8,December,43,Doctor,31807,8,3
CUS 0x1e63,September,37,       ,10025.2,10,10
CUS 0x1e63,October,37,Musician,10025.2,10,10
CUS 0x1e63,November,37,Musician,10025.2,10,10
CUS 0x1e63,December,37,Musician,10025.2,10,10
CUS 0x4948,September,39,Media Manager,64036.88,8,4
CUS 0x4948,October,39,Media Manager,64036.88,8,4
CUS 0x4948,November,39,       ,64036.88,8,4
CUS 0x4948,December,39,Media Manager,64036.88,8,4
CUS 0xc37b,September,30,Teacher,9783.245,8,6
CUS 0xc37b,October,30,Teacher,9783.245,8,6
CUS 0xc37b,November,30,Teacher,9783.245,8,6
CUS 0xc37b,December,30,Teacher,9783.245,8,6
CUS 0xfcc,September,22,Accountant,86522.72,8,5
CUS 0xfcc,October,22,Accountant,86522.72,8,5
CUS 0xfcc,November,22,Accountant,86522.72,8,5
CUS 0xfcc,December,23,Accountant,86522.72,8,5
CUS 0x64ce,September,22,Lawyer,124419.66,3,4
CUS 0x64ce,October,22,Lawyer,124419.66,3,4
CUS 0x64ce,November,22,Lawyer,124419.66,3,4
CUS 0x64ce,December,22,Lawyer,124419.66,3,4
CUS 0x9574,September,50,Entrepreneur,15606.515,3,4
CUS 0x9574,October,50,Entrepreneur,15606.515,3,4
CUS 0x9574,November,51,Entrepreneur,15606.515,3,4
CUS 0x9574,December,51,Entrepreneur,15606.515,3,4
CUS 0xbc88,September,25,Developer,28230.92,8,6
CUS 0xbc88,October,25,       ,28230.92,8,6
CUS 0xbc88,November,25,Developer,28230.92,8,6
CUS 0xbc88,December,25,Developer,28230.92,8,6
CUS 0x661b,September,29,Developer,10623.765,6,3
CUS 0x661b,October,29,Developer,10623.765,6,3
CUS 0x661b,November,29,Developer,10623.765,6,3
CUS 0x661b,December,29,Developer,10623.765,6,3
CUS 0xc51,September,19,Teacher,11970.955,8,4
CUS 0xc51,October,19,Teacher,11970.955,8,4
CUS 0xc51,November,19,Teacher,11970.955,8,4
CUS 0xc51,December,19,Teacher,11970.955,8,4
CUS 0x9536,September,3355,Manager,112362.76,4,4
CUS 0x9536,October,41,Manager,112362.76,4,4
CUS 0x9536,November,41,Manager,112362.76,4,4
CUS 0x9536,December,-500,Manager,112362.76,4,4
CUS 0xc5a0,September,20,Manager,33335.24,1,6
CUS 0xc5a0,October,20,Manager,33335.24,1,6
CUS 0xc5a0,November,20,Manager,33335.24,1,6
CUS 0xc5a0,December,21,Manager,33335.24,1,6
CUS 0xb282,September,32,Manager,131577.84,2,3
CUS 0xb282,October,32,Manager,131577.84,2,3
CUS 0xb282,November,32,Manager,131577.84,2,3
CUS 0xb282,December,32,Manager,131577.84,2,3
CUS 0xb9b8,September,49,Entrepreneur,10850224,2,5
CUS 0xb9b8,October,8034,Entrepreneur,32314.44,2,5
CUS 0xb9b8,November,49,Entrepreneur,32314.44,2,5
CUS 0xb9b8,December,49,Entrepreneur,32314.44,2,5
CUS 0x3e81,September,20,Manager,7477136,0,5
CUS 0x3e81,October,20,       ,61235.6,0,5
CUS 0x3e81,November,20,Manager,61235.6,0,5
CUS 0x3e81,December,20,Manager,61235.6,0,423
CUS 0x3702,September,40,Journalist,19078.93,5,7
CUS 0x3702,October,40,Journalist,19078.93,5,7
CUS 0x3702,November,40,Journalist,19078.93,5,7
CUS 0x3702,December,4610,Journalist,19078.93,5,7
CUS 0x8a0f,September,34,       ,83703.52,6,9
CUS 0x8a0f,October,34,Mechanic,83703.52,6,9
CUS 0x8a0f,November,34,       ,83703.52,6,9
CUS 0x8a0f,December,35,Mechanic,83703.52,6,9
CUS 0x21be,September,46,Musician,99127.04,8,3
CUS 0x21be,October,46,Musician,99127.04,8,3
CUS 0x21be,November,46,Musician,99127.04,8,3
CUS 0x21be,December,46,Musician,99127.04,8,3
CUS 0x8c1f,September,15,Writer,10405.01,6,7
CUS 0x8c1f,October,15,       ,10405.01,889,7
CUS 0x8c1f,November,15,Writer,10405.01,6,7
CUS 0x8c1f,December,16,Writer,10405.01,6,7
CUS 0x67e1,September,43,Lawyer,135895.96,8,4
CUS 0x67e1,October,43,Lawyer,135895.96,8,4
CUS 0x67e1,November,43,Lawyer,135895.96,8,4
CUS 0x67e1,December,43,       ,135895.96,8,4
CUS 0x1c06,September,22,Doctor,29608.46,7,8
CUS 0x1c06,October,22,Doctor,29608.46,7,8
CUS 0x1c06,November,22,Doctor,29608.46,7,8
CUS 0x1c06,December,22,Doctor,29608.46,7,8
CUS 0x5761,September,30,Entrepreneur,29999.94,10,9
CUS 0x5761,October,30,Entrepreneur,29999.94,10,9
CUS 0x5761,November,30,Entrepreneur,29999.94,10,9
CUS 0x5761,December,30,Entrepreneur,29999.94,10,9
CUS 0x9a4a,September,15,Musician,52972.5,7,5
CUS 0x9a4a,October,15,Musician,52972.5,7,5
CUS 0x9a4a,November,15,       ,52972.5,7,5
CUS 0x9a4a,December,16,Musician,52972.5,7,5
CUS 0x100b,September,19,Media Manager,113781.39,1,4
CUS 0x100b,October,19,Media Manager,113781.39,1,4
CUS 0x100b,November,19,Media Manager,113781.39,1,4
CUS 0x100b,December,19,       ,113781.39,1,4
CUS 0x6325,September,31,Lawyer,15746.63,4,3
CUS 0x6325,October,31,Lawyer,15746.63,4,3
CUS 0x6325,November,31,Lawyer,15746.63,3,2
CUS 0x6325,December,31,Lawyer,15746.63,3,2
CUS 0x4e3c,September,19,Lawyer,97961.96,4,6
CUS 0x4e3c,October,19,       ,97961.96,4,6
CUS 0x4e3c,November,20,Lawyer,97961.96,4,6
CUS 0x4e3c,December,20,Lawyer,97961.96,4,6
CUS 0xb217,September,48,Architect,31895.07,3,6
CUS 0xb217,October,48,Architect,31895.07,3,6
CUS 0xb217,November,48,Architect,31895.07,3,6
CUS 0xb217,December,48,Architect,31895.07,3,6
CUS 0xb374,September,32,Architect,30922.28,1,5
CUS 0xb374,October,32,Architect,30922.28,1,5
CUS 0xb374,November,32,Architect,30922.28,1,5
CUS 0xb374,December,32,Architect,30922.28,1,5
CUS 0x1d4e,September,37,Journalist,25530.33,3,4
CUS 0x1d4e,October,37,Journalist,25530.33,3,4
CUS 0x1d4e,November,37,Journalist,25530.33,3,4
CUS 0x1d4e,December,38,Journalist,25530.33,3,4
CUS 0x8a4b,September,52,Doctor,110786.64,5,7
CUS 0x8a4b,October,52,Doctor,110786.64,5,7
CUS 0x8a4b,November,52,Doctor,110786.64,5,7
CUS 0x8a4b,December,52,Doctor,110786.64,5,7
CUS 0x93ff,September,27,Lawyer,39696.98,5,5
CUS 0x93ff,October,27,Lawyer,39696.98,5,5
CUS 0x93ff,November,27,Lawyer,39696.98,5,5
CUS 0x93ff,December,27,Lawyer,39696.98,5,5
CUS 0x3e2d,September,35,Journalist,120366.6,4,7
CUS 0x3e2d,October,35,Journalist,120366.6,4,7
CUS 0x3e2d,November,35,Journalist,120366.6,4,7
CUS 0x3e2d,December,35,Journalist,120366.6,4,7
CUS 0x493c,September,52,Mechanic,13074.395,8,7
CUS 0x493c,October,52,       ,13074.395,8,7
CUS 0x493c,November,52,Mechanic,13074.395,8,7
CUS 0x493c,December,52,Mechanic,13074.395,8,7
CUS 0x88a0,September,31,       ,76087.68,6,3
CUS 0x88a0,October,31,       ,76087.68,6,3
CUS 0x88a0,November,31,Manager,76087.68,6,3
CUS 0x88a0,December,31,Manager,76087.68,6,3
CUS 0x543f,September,24,Mechanic,51824.94,6,7
CUS 0x543f,October,24,Mechanic,51824.94,6,7
CUS 0x543f,November,24,Mechanic,51824.94,6,7
CUS 0x543f,December,24,Mechanic,51824.94,6,7
CUS 0x9f7e,September,31,Journalist,11431.775,8,6
CUS 0x9f7e,October,32,Journalist,11431.775,8,6
CUS 0x9f7e,November,32,Journalist,11431.775,8,6
CUS 0x9f7e,December,32,Journalist,11431.775,8,6
CUS 0x23a6,September,38,Doctor,14224.655,8,6
CUS 0x23a6,October,38,Doctor,14224.655,8,6
CUS 0x23a6,November,39,Doctor,14224.655,7,5
CUS 0x23a6,December,39,Doctor,14224.655,7,5
CUS 0xa874,September,46,Musician,142170.12,3,4
CUS 0xa874,October,7860,Musician,142170.12,3,4
CUS 0xa874,November,46,Musician,142170.12,3,4
CUS 0xa874,December,47,Musician,142170.12,3,4
CUS 0x4ea5,September,46,Mechanic,19951.765,1,1
CUS 0x4ea5,October,46,Mechanic,19951.765,1,1
CUS 0x4ea5,November,46,Mechanic,19951.765,1,1
CUS 0x4ea5,December,46,Mechanic,19951.765,1,1
CUS 0x8208,September,36,Teacher,94454.1,1,4
CUS 0x8208,October,36,Teacher,94454.1,1,4
CUS 0x8208,November,37,Teacher,94454.1,1,4
CUS 0x8208,December,37,Teacher,94454.1,1,4
CUS 0xb35f,September,28,Doctor,27063.43,8,3
CUS 0xb35f,October,28,Doctor,27063.43,8,3
CUS 0xb35f,November,29,       ,27063.43,8,3
CUS 0xb35f,December,29,Doctor,27063.43,8,3
CUS 0x8696,September,44,Media Manager,36980.1,6,10
CUS 0x8696,October,44,Media Manager,36980.1,6,10
CUS 0x8696,November,44,Media Manager,36980.1,6,10
CUS 0x8696,December,44,Media Manager,36980.1,6,10
CUS 0x49da,September,-500,Teacher,96582.24,3,567
CUS 0x49da,October,27,Teacher,96582.24,3,3
CUS 0x49da,November,27,Teacher,96582.24,3,3
CUS 0x49da,December,27,       ,96582.24,3,3
CUS 0x5d94,September,40,Developer,122978.43,0,1
CUS 0x5d94,October,40,Developer,122978.43,0,1
CUS 0x5d94,November,40,Developer,122978.43,0,1
CUS 0x5d94,December,40,Developer,122978.43,0,1
CUS 0x3ef5,September,32,Doctor,7821.24,8,10
CUS 0x3ef5,October,32,Doctor,7821.24,8,10
CUS 0x3ef5,November,32,Doctor,7821.24,8,10
CUS 0x3ef5,December,32,Doctor,7821.24,8,10
CUS 0xbda3,September,23,Manager,30972.54,7,9
CUS 0xbda3,October,23,Manager,30972.54,1005,9
CUS 0xbda3,November,23,Manager,30972.54,7,9
CUS 0xbda3,December,23,Manager,30972.54,7,9
CUS 0x29fd,September,29,Developer,7709.625,7,9
CUS 0x29fd,October,29,Developer,7709.625,7,9
CUS 0x29fd,November,29,Developer,7709.625,7,9
CUS 0x29fd,December,29,Developer,7709.625,7,9
CUS 0xbbf3,September,54,Journalist,34547.54,6,6
CUS 0xbbf3,October,54,Journalist,34547.54,6,6
CUS 0xbbf3,November,54,Journalist,34547.54,6,6
CUS 0xbbf3,December,54,Journalist,34547.54,6,6
CUS 0x2c31,September,30,Musician,173196.32,4,7
CUS 0x2c31,October,30,Musician,173196.32,4,7
CUS 0x2c31,November,30,Musician,173196.32,4,7
CUS 0x2c31,December,30,       ,173196.32,4,7
CUS 0xb4be,September,19,Engineer,20354.85,8,6
CUS 0xb4be,October,19,Engineer,20354.85,8,6
CUS 0xb4be,November,19,       ,20354.85,8,6
CUS 0xb4be,December,-500,Engineer,20354.85,8,6
CUS 0xa203,September,40,Entrepreneur,46113.81,7,5
CUS 0xa203,October,40,Entrepreneur,46113.81,7,5
CUS 0xa203,November,41,Entrepreneur,46113.81,7,5
CUS 0xa203,December,41,Entrepreneur,46113.81,7,5
CUS 0xa7c3,September,15,Doctor,8882.47,9,7
CUS 0xa7c3,October,15,Doctor,8882.47,9,7
CUS 0xa7c3,November,15,Doctor,8882.47,9,7
CUS 0xa7c3,December,15,Doctor,8882.47,9,7
CUS 0x76e7,September,2526,Manager,34128.92,6,8
CUS 0x76e7,October,27,Manager,34128.92,6,497
CUS 0x76e7,November,27,Manager,34128.92,6,8
CUS 0x76e7,December,27,Manager,34128.92,6,8
CUS 0x46d4,September,43,Scientist,29042.45,3,5
CUS 0x46d4,October,44,Scientist,29042.45,3,5
CUS 0x46d4,November,44,Scientist,29042.45,3,5
CUS 0x46d4,December,44,Scientist,29042.45,3,5
CUS 0x396e,September,33,Architect,26716.09,4,5
CUS 0x396e,October,33,Architect,26716.09,4,5
CUS 0x396e,November,33,Architect,26716.09,4,5
CUS 0x396e,December,33,Architect,26716.09,4,5
CUS 0x74f5,September,14,Doctor,74733.44,368,6
CUS 0x74f5,October,15,Doctor,74733.44,9,6
CUS 0x74f5,November,15,Doctor,74733.44,9,6
CUS 0x74f5,December,15,Doctor,74733.44,9,6
CUS 0xb9e5,September,44,Media Manager,8681.77,6,9
CUS 0xb9e5,October,45,Media Manager,8681.77,6,9
CUS 0xb9e5,November,45,Media Manager,8681.77,6,9
CUS 0xb9e5,December,45,Media Manager,8681.77,6,9
CUS 0xacbe,September,38,Media Manager,10034.55,4,4
CUS 0xacbe,October,38,Media Manager,10034.55,4,4
CUS 0xacbe,November,38,Media Manager,10034.55,4,4
CUS 0xacbe,December,3263,Media Manager,10034.55,4,4
CUS 0x9951,September,41,Teacher,20540.49,0,4
CUS 0x9951,October,41,       ,20540.49,0,4
CUS 0x9951,November,41,Teacher,20540.49,0,4
CUS 0x9951,December,41,Teacher,20540.49,0,181
CUS 0xbcb9,September,52,Musician,38175.39,1,2
CUS 0xbcb9,October,52,Musician,38175.39,1,2
CUS 0xbcb9,November,52,Musician,38175.39,1,2
CUS 0xbcb9,December,52,Musician,38175.39,1,2
CUS 0xae95,September,22,Accountant,116594.91,5,6
CUS 0xae95,October,22,Accountant,116594.91,5,6
CUS 0xae95,November,4885,Accountant,116594.91,5,793
CUS 0xae95,December,23,Accountant,116594.91,5,6
CUS 0x1f9e,September,49,       ,24894.05,8,3
CUS 0x1f9e,October,49,Manager,24894.05,8,3
CUS 0x1f9e,November,49,Manager,24894.05,8,3
CUS 0x1f9e,December,49,Manager,24894.05,8,3
CUS 0x2242,September,39,Teacher,39399.9,6,6
CUS 0x2242,October,39,       ,39399.9,6,6
CUS 0x2242,November,39,Teacher,39399.9,6,6
CUS 0x2242,December,39,Teacher,39399.9,6,6
CUS 0x3e85,September,25,Musician,142113.96,6,4
CUS 0x3e85,October,25,Musician,142113.96,6,4
CUS 0x3e85,November,25,Musician,142113.96,6,4
CUS 0x3e85,December,25,Musician,142113.96,6,4
CUS 0xa47,September,48,Mechanic,65299.38,4,5
CUS 0xa47,October,48,Mechanic,65299.38,4,5
CUS 0xa47,November,48,Mechanic,65299.38,4,5
CUS 0xa47,December,48,Mechanic,65299.38,4,5
CUS 0xaa40,September,52,Manager,33200.52,6,4
CUS 0xaa40,October,52,Manager,33200.52,6,4
CUS 0xaa40,November,53,Manager,33200.52,6,4
CUS 0xaa40,December,53,Manager,33200.52,6,4
CUS 0x1452,September,41,Architect,82289.36,8,8
CUS 0x1452,October,41,Architect,82289.36,8,8
CUS 0x1452,November,41,       ,82289.36,8,8
CUS 0x1452,December,41,Architect,82289.36,8,8
CUS 0x76cf,September,39,Entrepreneur,7792.475,6,7
CUS 0x76cf,October,39,Entrepreneur,7792.475,6,7
CUS 0x76cf,November,39,Entrepreneur,7792.475,6,7
CUS 0x76cf,December,40,Entrepreneur,7792.475,420,7
CUS 0x703f,September,37,Writer,65778.22,5,3
CUS 0x703f,October,37,Writer,65778.22,5,3
CUS 0x703f,November,37,Writer,65778.22,5,3
CUS 0x703f,December,37,Writer,65778.22,5,3
CUS 0x572,September,44,Teacher,12016,6,3
CUS 0x572,October,44,Teacher,12016,6,3
CUS 0x572,November,44,Teacher,12016,6,3
CUS 0x572,December,45,Teacher,12016,6,3
CUS 0x104e,September,50,Teacher,19180.87,8,4
CUS 0x104e,October,51,       ,19180.87,8,4
CUS 0x104e,November,51,Teacher,19180.87,8,4
CUS 0x104e,December,51,Teacher,19180.87,8,4
CUS 0x6f38,September,31,Entrepreneur,60552.76,3,7
CUS 0x6f38,October,31,Entrepreneur,60552.76,3,7
CUS 0x6f38,November,31,Entrepreneur,60552.76,3,7
CUS 0x6f38,December,31,Entrepreneur,60552.76,3,7
CUS 0x7b3c,September,41,Mechanic,44386.47,10,6
CUS 0x7b3c,October,41,Mechanic,44386.47,10,6
CUS 0x7b3c,November,41,Mechanic,44386.47,10,517
CUS 0x7b3c,December,41,Mechanic,44386.47,803,6
CUS 0x709d,September,40,Lawyer,9141.63,9,6
CUS 0x709d,October,40,Lawyer,9141.63,9,6
CUS 0x709d,November,40,Lawyer,9141.63,9,6
CUS 0x709d,December,41,Lawyer,9141.63,9,6
CUS 0xc434,September,36,Journalist,11245.11,3,6
CUS 0xc434,October,36,Journalist,11245.11,3,6
CUS 0xc434,November,36,Journalist,11245.11,3,6
CUS 0xc434,December,36,Journalist,11245.11,3,6
CUS 0x8a12,September,40,Accountant,98197.74,5,1084
CUS 0x8a12,October,40,Accountant,98197.74,5,6
CUS 0x8a12,November,40,Accountant,98197.74,5,6
CUS 0x8a12,December,40,Accountant,98197.74,5,6
CUS 0x4eb4,September,21,Journalist,30197.28,5,7
CUS 0x4eb4,October,21,Journalist,30197.28,5,7
CUS 0x4eb4,November,21,Journalist,30197.28,5,7
CUS 0x4eb4,December,22,Journalist,30197.28,5,7
CUS 0xab00,September,19,Manager,31633.54,1,5
CUS 0xab00,October,19,Manager,31633.54,1,5
CUS 0xab00,November,19,Manager,31633.54,1,5
CUS 0xab00,December,19,Manager,31633.54,1,5
CUS 0x8c9a,September,32,Architect,118172.64,0,2
CUS 0x8c9a,October,32,Architect,118172.64,0,2
CUS 0x8c9a,November,32,Architect,118172.64,0,2
CUS 0x8c9a,December,32,Architect,118172.64,0,2
CUS 0x2c5e,September,35,Lawyer,19623.18,9,8
CUS 0x2c5e,October,35,Lawyer,19623.18,9,8
CUS 0x2c5e,November,35,Lawyer,19623.18,9,8
CUS 0x2c5e,December,35,Lawyer,19623.18,9,8
CUS 0x70d5,September,32,Mechanic,63197.26,6,3
CUS 0x70d5,October,32,Mechanic,63197.26,6,3
CUS 0x70d5,November,33,       ,63197.26,6,3
CUS 0x70d5,December,33,Mechanic,63197.26,6,3
CUS 0xb052,September,36,Journalist,10007.815,4,4
CUS 0xb052,October,36,Journalist,10007.815,4,4
CUS 0xb052,November,36,Journalist,10007.815,4,4
CUS 0xb052,December,36,Journalist,10007.815,4,4
CUS 0x7c34,September,28,Entrepreneur,121688.04,7,3
CUS 0x7c34,October,-500,       ,121688.04,7,3
CUS 0x7c34,November,28,Entrepreneur,121688.04,7,3
CUS 0x7c34,December,28,Entrepreneur,121688.04,7,3
CUS 0x4256,September,22,Accountant,31069.32,2,3
CUS 0x4256,October,22,Accountant,31069.32,2,3
CUS 0x4256,November,22,Accountant,31069.32,2,3
CUS 0x4256,December,22,Accountant,31069.32,2,3
CUS 0x4f04,September,39,       ,72241.02,8,4
CUS 0x4f04,October,39,Mechanic,72241.02,8,4
CUS 0x4f04,November,39,Mechanic,72241.02,8,4
CUS 0x4f04,December,39,Mechanic,72241.02,8,4
CUS 0x41b7,September,25,       ,7612.725,8,5
CUS 0x41b7,October,25,Teacher,7612.725,8,5
CUS 0x41b7,November,25,Teacher,7612.725,8,5
CUS 0x41b7,December,25,Teacher,7612.725,8,5
CUS 0x9095,September,47,Manager,16953.985,4,5
CUS 0x9095,October,47,Manager,16953.985,4,5
CUS 0x9095,November,47,Manager,16953.985,4,5
CUS 0x9095,December,47,Manager,16953.985,4,5
CUS 0xa05f,September,22,       ,125508.36,2,3
CUS 0xa05f,October,22,Scientist,125508.36,2,3
CUS 0xa05f,November,22,Scientist,125508.36,2,3
CUS 0xa05f,December,22,Scientist,125508.36,2,3
CUS 0x309d,September,16,Doctor,7495.305,6,5
CUS 0x309d,October,16,Doctor,7495.305,6,5
CUS 0x309d,November,16,Doctor,7495.305,6,5
CUS 0x309d,December,16,Doctor,7495.305,6,5
CUS 0xa522,September,15,Musician,35133.49,4,4
CUS 0xa522,October,15,       ,35133.49,4,4
CUS 0xa522,November,15,Musician,35133.49,4,4
CUS 0xa522,December,15,Musician,35133.49,4,4
CUS 0x8a6e,September,49,Mechanic,16866.5,4,4
CUS 0x8a6e,October,49,Mechanic,16866.5,4,4
CUS 0x8a6e,November,49,Mechanic,16866.5,4,4
CUS 0x8a6e,December,49,Mechanic,16866.5,4,4
CUS 0x77d1,September,33,Accountant,18969.19,1,7
CUS 0x77d1,October,33,Accountant,18969.19,1,7
CUS 0x77d1,November,34,Accountant,18969.19,1,7
CUS 0x77d1,December,34,Accountant,18969.19,1,7
CUS 0xde6,September,55,Engineer,36154.19,5,3
CUS 0xde6,October,56,Engineer,36154.19,5,3
CUS 0xde6,November,56,Engineer,36154.19,5,3
CUS 0xde6,December,56,Engineer,36154.19,5,3
CUS 0xa672,September,32,Entrepreneur,51113.85,7,9
CUS 0xa672,October,32,Entrepreneur,51113.85,7,9
CUS 0xa672,November,32,Entrepreneur,51113.85,7,9
CUS 0xa672,December,32,Entrepreneur,51113.85,7,9
CUS 0x8caf,September,18,Developer,18784.88,8,488
CUS 0x8caf,October,18,Developer,18784.88,8,3
CUS 0x8caf,November,18,Developer,18784.88,8,3
CUS 0x8caf,December,18,Developer,18784.88,8,3
CUS 0x4655,September,47,Accountant,49889.38,6,7
CUS 0x4655,October,47,Accountant,49889.38,6,7
CUS 0x4655,November,47,Accountant,49889.38,6,7
CUS 0x4655,December,47,Accountant,49889.38,6,7
CUS 0x25aa,September,14,Mechanic,29233.34,6,4
CUS 0x25aa,October,14,Mechanic,29233.34,6,4
CUS 0x25aa,November,15,Mechanic,29233.34,6,4
CUS 0x25aa,December,15,Mechanic,29233.34,6,4
CUS 0xbd08,September,40,Journalist,28922.03,2,7
CUS 0xbd08,October,40,Journalist,28922.03,2,7
CUS 0xbd08,November,40,Journalist,28922.03,2,7
CUS 0xbd08,December,40,       ,28922.03,2,7
CUS 0x6b44,September,40,Developer,20742.46,5,4
CUS 0x6b44,October,40,Developer,20742.46,5,4
CUS 0x6b44,November,40,Developer,20742.46,5,4
CUS 0x6b44,December,40,Developer,20742.46,5,4
CUS 0x7517,September,35,       ,55719.18,8,1438
CUS 0x7517,October,36,Teacher,55719.18,8,7
CUS 0x7517,November,694,Teacher,55719.18,8,7
CUS 0x7517,December,36,Teacher,55719.18,8,7
CUS 0x5228,September,17,Mechanic,55558.71,10,5
CUS 0x5228,October,17,Mechanic,55558.71,10,5
CUS 0x5228,November,17,Mechanic,55558.71,10,5
CUS 0x5228,December,17,Mechanic,55558.71,10,5
CUS 0x2e6e,September,25,Engineer,33447.42,8,5
CUS 0x2e6e,October,25,Engineer,33447.42,8,5
CUS 0x2e6e,November,25,Engineer,33447.42,8,5
CUS 0x2e6e,December,25,Engineer,33447.42,8,5
CUS 0x280b,September,27,Accountant,34841.87,1,7
CUS 0x280b,October,27,Accountant,34841.87,1,7
CUS 0x280b,November,27,Accountant,34841.87,1,7
CUS 0x280b,December,27,       ,34841.87,1,7
CUS 0x51b4,September,36,Engineer,17655.43,8,10
CUS 0x51b4,October,36,       ,17655.43,8,10
CUS 0x51b4,November,36,Engineer,17655.43,8,10
CUS 0x51b4,December,36,Engineer,17655.43,8,10
CUS 0xa1d6,September,30,       ,7103.035,6,5
CUS 0xa1d6,October,31,Architect,7103.035,6,5
CUS 0xa1d6,November,31,       ,7103.035,6,5
CUS 0xa1d6,December,8288,Architect,7103.035,6,5
CUS 0x8b12,September,40,Journalist,63101.14,3,4
CUS 0x8b12,October,40,Journalist,63101.14,3,4
CUS 0x8b12,November,40,Journalist,63101.14,3,4
CUS 0x8b12,December,40,Journalist,63101.14,3,4
CUS 0xa459,September,16,Accountant,33453.08,10,10
CUS 0xa459,October,16,Accountant,33453.08,10,10
CUS 0xa459,November,16,Accountant,33453.08,10,10
CUS 0xa459,December,16,Accountant,33453.08,10,10
CUS 0xf23,September,43,Mechanic,83845.7,5,7
CUS 0xf23,October,43,Mechanic,83845.7,5,7
CUS 0xf23,November,43,Mechanic,83845.7,5,7
CUS 0xf23,December,43,Mechanic,83845.7,5,7
CUS 0x7cfc,September,36,Writer,108415,3,5
CUS 0x7cfc,October,36,Writer,108415,3,5
CUS 0x7cfc,November,36,Writer,108415,3,5
CUS 0x7cfc,December,36,Writer,108415,3,784
CUS 0x728f,September,52,Doctor,32663.41,1,1279
CUS 0x728f,October,52,Doctor,32663.41,1,5
CUS 0x728f,November,52,Doctor,32663.41,1,1036
CUS 0x728f,December,52,Doctor,32663.41,1,5
CUS 0xd05,September,45,Musician,132537.24,3,2
CUS 0xd05,October,45,Musician,132537.24,3,2
CUS 0xd05,November,45,Musician,132537.24,3,2
CUS 0xd05,December,46,Musician,132537.24,3,2
CUS 0x3cf7,September,31,Journalist,17850.56,8,5
CUS 0x3cf7,October,31,Journalist,17850.56,8,5
CUS 0x3cf7,November,31,Journalist,17850.56,8,5
CUS 0x3cf7,December,31,Journalist,17850.56,8,5
CUS 0xa71a,September,33,Teacher,15713.83,7,8
CUS 0xa71a,October,33,Teacher,15713.83,7,1196
CUS 0xa71a,November,33,Teacher,15713.83,7,8
CUS 0xa71a,December,33,Teacher,15713.83,7,8
CUS 0x32ce,September,31,Accountant,62050.89,8,7
CUS 0x32ce,October,31,Accountant,62050.89,8,7
CUS 0x32ce,November,31,Accountant,62050.89,8,7
CUS 0x32ce,December,31,Accountant,62050.89,8,7
CUS 0x9b4c,September,37,Doctor,18744.4,8,7
CUS 0x9b4c,October,37,Doctor,18744.4,8,7
CUS 0x9b4c,November,37,Doctor,18744.4,8,7
CUS 0x9b4c,December,37,       ,18744.4,8,590
CUS 0x4330,September,38,Media Manager,12070.845,8,5
CUS 0x4330,October,39,Media Manager,12070.845,500,5
CUS 0x4330,November,39,Media Manager,12070.845,8,5
CUS 0x4330,December,39,Media Manager,12070.845,8,5
CUS 0xf59,September,22,Doctor,38539.57,4,2
CUS 0xf59,October,22,Doctor,38539.57,4,2
CUS 0xf59,November,22,Doctor,38539.57,4,2
CUS 0xf59,December,22,Doctor,38539.57,4,2
CUS 0x9a58,September,47,Mechanic,48411.24,8,3
CUS 0x9a58,October,48,Mechanic,48411.24,8,3
CUS 0x9a58,November,48,Mechanic,48411.24,8,3
CUS 0x9a58,December,48,Mechanic,48411.24,8,3
CUS 0x409e,September,24,Manager,47275.96,6,3
CUS 0x409e,October,24,Manager,47275.96,6,3
CUS 0x409e,November,24,Manager,47275.96,6,3
CUS 0x409e,December,24,Manager,47275.96,6,3
CUS 0x532d,September,43,Writer,30232.28,5,3
CUS 0x532d,October,43,Writer,30232.28,5,3
CUS 0x532d,November,43,Writer,30232.28,5,3
CUS 0x532d,December,43,Writer,30232.28,5,3
CUS 0xadb7,September,28,Architect,33314.96,10,5
CUS 0xadb7,October,28,Architect,33314.96,10,5
CUS 0xadb7,November,28,       ,33314.96,10,728
CUS 0xadb7,December,28,Architect,33314.96,10,5
CUS 0xa9ca,September,45,       ,7599.035,7,9
CUS 0xa9ca,October,45,Lawyer,7599.035,7,9
CUS 0xa9ca,November,45,Lawyer,7599.035,7,9
CUS 0xa9ca,December,45,Lawyer,7599.035,7,9
CUS 0x69a9,September,19,Writer,97640.4,5,7
CUS 0x69a9,October,19,Writer,97640.4,5,7
CUS 0x69a9,November,19,Writer,97640.4,5,7
CUS 0x69a9,December,19,Writer,97640.4,5,7
CUS 0x7dfb,September,34,Musician,75881.16,10,6
CUS 0x7dfb,October,34,Musician,75881.16,10,6
CUS 0x7dfb,November,34,Musician,75881.16,10,6
CUS 0x7dfb,December,34,Musician,75881.16,10,6
CUS 0x479,September,29,Mechanic,36490.98,4,5
CUS 0x479,October,29,Mechanic,36490.98,4,5
CUS 0x479,November,29,       ,36490.98,4,5
CUS 0x479,December,29,Mechanic,36490.98,4,5
CUS 0x3b5d,September,19,Developer,30743.6,5,4
CUS 0x3b5d,October,19,Developer,30743.6,5,4
CUS 0x3b5d,November,19,Developer,30743.6,5,4
CUS 0x3b5d,December,19,       ,30743.6,5,4
CUS 0x9167,September,22,Entrepreneur,177150.4,2,6
CUS 0x9167,October,22,Entrepreneur,177150.4,2,6
CUS 0x9167,November,22,Entrepreneur,177150.4,2,6
CUS 0x9167,December,22,Entrepreneur,177150.4,2,6
CUS 0x4a5b,September,26,Architect,110264,8,6
CUS 0x4a5b,October,26,Architect,110264,8,6
CUS 0x4a5b,November,26,Architect,110264,8,6
CUS 0x4a5b,December,26,Architect,110264,8,6
CUS 0xfdd,September,14,       ,32128.24,6,4
CUS 0xfdd,October,14,Scientist,32128.24,6,4
CUS 0xfdd,November,8404,Scientist,32128.24,6,4
CUS 0xfdd,December,14,Scientist,32128.24,6,4
CUS 0x4883,September,451,Entrepreneur,151722.56,5,5
CUS 0x4883,October,23,Entrepreneur,151722.56,5,5
CUS 0x4883,November,23,Entrepreneur,151722.56,5,5
CUS 0x4883,December,24,Entrepreneur,151722.56,5,5
CUS 0x6387,September,27,Manager,62316.63,8,4
CUS 0x6387,October,27,Manager,62316.63,8,4
CUS 0x6387,November,27,Manager,62316.63,8,4
CUS 0x6387,December,27,Manager,62316.63,8,4
CUS 0xd83,September,44,Lawyer,19310.62,9,6
CUS 0xd83,October,44,Lawyer,19310.62,9,6
CUS 0xd83,November,44,Lawyer,19310.62,9,6
CUS 0xd83,December,44,Lawyer,19310.62,9,6
CUS 0x3ce3,September,47,Entrepreneur,94511.79,5,3
CUS 0x3ce3,October,47,Entrepreneur,94511.79,5,1434
CUS 0x3ce3,November,48,       ,94511.79,5,3
CUS 0x3ce3,December,48,Entrepreneur,94511.79,5,3
CUS 0xa706,September,50,Manager,96275.84,6,6
CUS 0xa706,October,50,Manager,96275.84,6,6
CUS 0xa706,November,50,Manager,96275.84,6,6
CUS 0xa706,December,50,Manager,96275.84,1332,6
CUS 0x9983,September,36,Writer,57219.92,8,6
CUS 0x9983,October,36,       ,57219.92,8,6
CUS 0x9983,November,3168,Writer,57219.92,8,6
CUS 0x9983,December,37,Writer,57219.92,8,6
CUS 0x2877,September,31,Writer,80591.2,4,4
CUS 0x2877,October,31,Writer,80591.2,4,4
CUS 0x2877,November,31,Writer,80591.2,4,4
CUS 0x2877,December,31,Writer,80591.2,4,4
CUS 0x1df1,September,31,Mechanic,73434.92,1,5
CUS 0x1df1,October,31,Mechanic,73434.92,1,5
CUS 0x1df1,November,31,Mechanic,73434.92,1,5
CUS 0x1df1,December,31,Mechanic,73434.92,1,5
CUS 0x4223,September,21,Developer,53916.84,8,7
CUS 0x4223,October,22,Developer,53916.84,8,7
CUS 0x4223,November,5172,Developer,53916.84,8,7
CUS 0x4223,December,8214,       ,53916.84,8,7
CUS 0x3f47,September,35,Musician,53071.47,8,5
CUS 0x3f47,October,35,Musician,53071.47,8,5
CUS 0x3f47,November,35,Musician,53071.47,8,5
CUS 0x3f47,December,35,Musician,53071.47,8,5
CUS 0x86b,September,42,Engineer,69692.16,9,5
CUS 0x86b,October,42,Engineer,69692.16,9,5
CUS 0x86b,November,42,Engineer,69692.16,9,5
CUS 0x86b,December,42,Engineer,69692.16,9,5
CUS 0x98f9,September,34,Entrepreneur,15735.68,3,6
CUS 0x98f9,October,34,Entrepreneur,15735.68,3,6
CUS 0x98f9,November,34,Entrepreneur,15735.68,3,6
CUS 0x98f9,December,34,Entrepreneur,15735.68,3,6
CUS 0x46eb,September,32,Engineer,20502.64,8,1369
CUS 0x46eb,October,32,Engineer,20502.64,8,10
CUS 0x46eb,November,32,Engineer,20502.64,8,10
CUS 0x46eb,December,32,Engineer,20502.64,8,10
CUS 0x1863,September,54,Manager,55662.64,4,6
CUS 0x1863,October,54,Manager,55662.64,4,6
CUS 0x1863,November,54,Manager,55662.64,4,6
CUS 0x1863,December,54,Manager,55662.64,4,6
CUS 0x481f,September,20,Scientist,19758.84,7,5
CUS 0x481f,October,20,Scientist,19758.84,7,5
CUS 0x481f,November,4946,Scientist,19758.84,7,5
CUS 0x481f,December,21,Scientist,19758.84,7,5
CUS 0x79b,September,27,Lawyer,55000.62,3,6
CUS 0x79b,October,27,Lawyer,55000.62,3,6
CUS 0x79b,November,27,Lawyer,55000.62,3,6
CUS 0x79b,December,27,Lawyer,55000.62,3,1000
CUS 0xbf19,September,17,Doctor,10352.745,3,5
CUS 0xbf19,October,17,Doctor,10352.745,3,5
CUS 0xbf19,November,17,Doctor,10352.745,3,5
CUS 0xbf19,December,17,Doctor,10352.745,3,5
CUS 0xa501,September,34,Mechanic,50811.27,6,4
CUS 0xa501,October,34,Mechanic,50811.27,6,4
CUS 0xa501,November,34,Mechanic,50811.27,6,4
CUS 0xa501,December,34,       ,50811.27,6,1446
CUS 0x2602,September,28,Scientist,59448.04,9,7
CUS 0x2602,October,28,Scientist,2706680,10,8
CUS 0x2602,November,28,Scientist,59448.04,10,8
CUS 0x2602,December,28,Scientist,59448.04,10,8
CUS 0x96e,September,47,Doctor,18549.28,4,4
CUS 0x96e,October,47,Doctor,18549.28,4,4
CUS 0x96e,November,47,Doctor,18549.28,4,4
CUS 0x96e,December,48,Doctor,18549.28,4,4
CUS 0x864a,September,50,       ,134810.13,5,7
CUS 0x864a,October,50,Teacher,134810.13,5,7
CUS 0x864a,November,50,Teacher,134810.13,5,7
CUS 0x864a,December,50,Teacher,134810.13,5,7
CUS 0x56d1,September,28,Writer,162550.32,0,5
CUS 0x56d1,October,28,       ,162550.32,0,5
CUS 0x56d1,November,28,Writer,162550.32,0,5
CUS 0x56d1,December,28,Writer,162550.32,0,5
CUS 0xae0e,September,21,Accountant,102596.64,4,905
CUS 0xae0e,October,21,Accountant,102596.64,4,5
CUS 0xae0e,November,21,Accountant,102596.64,4,5
CUS 0xae0e,December,21,Accountant,102596.64,4,5
CUS 0x3b3f,September,31,Manager,14884.465,8,5
CUS 0x3b3f,October,31,Manager,14884.465,8,5
CUS 0x3b3f,November,31,Manager,14884.465,8,5
CUS 0x3b3f,December,32,Manager,14884.465,8,5
CUS 0x9bc4,September,39,Architect,31732.61,4,4
CUS 0x9bc4,October,39,Architect,31732.61,4,4
CUS 0x9bc4,November,40,Architect,31732.61,4,4
CUS 0x9bc4,December,40,Architect,31732.61,4,4
CUS 0x62a4,September,46,Lawyer,50847.22,3,510
CUS 0x62a4,October,46,Lawyer,50847.22,3,6
CUS 0x62a4,November,47,Lawyer,50847.22,3,6
CUS 0x62a4,December,47,       ,50847.22,3,6
CUS 0x4c77,September,33,Doctor,9349.475,6,6
CUS 0x4c77,October,33,Doctor,9349.475,6,6
CUS 0x4c77,November,33,Doctor,9349.475,6,6
CUS 0x4c77,December,34,Doctor,9349.475,6,6
CUS 0x62f0,September,44,Teacher,135115.44,4,6
CUS 0x62f0,October,44,Teacher,135115.44,4,6
CUS 0x62f0,November,44,Teacher,135115.44,4,6
CUS 0x62f0,December,44,Teacher,135115.44,4,6
CUS 0x342a,September,34,Lawyer,66169.56,8,6
CUS 0x342a,October,35,Lawyer,66169.56,8,6
CUS 0x342a,November,35,Lawyer,66169.56,8,6
CUS 0x342a,December,35,Lawyer,66169.56,8,6
CUS 0x7597,September,44,Musician,56760.51,6,5
CUS 0x7597,October,44,Musician,56760.51,6,5
CUS 0x7597,November,44,Musician,56760.51,6,5
CUS 0x7597,December,44,Musician,56760.51,6,5
CUS 0xbb6e,September,33,Architect,108223.62,5,6
CUS 0xbb6e,October,33,Architect,108223.62,5,6
CUS 0xbb6e,November,33,Architect,108223.62,5,6
CUS 0xbb6e,December,33,Architect,108223.62,5,6
CUS 0x7c55,September,3127,       ,53098.47,9,7
CUS 0x7c55,October,32,Manager,53098.47,9,7
CUS 0x7c55,November,32,Manager,53098.47,9,7
CUS 0x7c55,December,32,       ,53098.47,9,7
CUS 0xa835,September,55,       ,17853.5,5,4
CUS 0xa835,October,55,Musician,17853.5,5,4
CUS 0xa835,November,55,Musician,17853.5,5,4
CUS 0xa835,December,55,Musician,17853.5,5,4
CUS 0x467f,September,19,Accountant,16813.54,8,10
CUS 0x467f,October,19,Accountant,16813.54,8,10
CUS 0x467f,November,20,Accountant,16813.54,8,10
CUS 0x467f,December,20,Accountant,16813.54,8,10
CUS 0x7590,September,43,Architect,68665.76,7,6
CUS 0x7590,October,44,Architect,68665.76,7,6
CUS 0x7590,November,44,Architect,68665.76,7,6
CUS 0x7590,December,44,       ,68665.76,7,6
CUS 0x515a,September,21,Developer,22500.52,5,3
CUS 0x515a,October,21,Developer,22500.52,5,3
CUS 0x515a,November,21,Developer,22500.52,5,3
CUS 0x515a,December,21,Developer,22500.52,5,3
CUS 0x114a,September,43,Developer,15305.46,0,7
CUS 0x114a,October,43,Developer,15305.46,0,7
CUS 0x114a,November,43,Developer,15305.46,0,7
CUS 0x114a,December,43,Developer,15305.46,0,7
CUS 0x49dd,September,14,Engineer,15544.47,8,5
CUS 0x49dd,October,14,Engineer,15544.47,8,5
CUS 0x49dd,November,15,Engineer,15544.47,8,5
CUS 0x49dd,December,15,Engineer,15544.47,8,5
CUS 0x6346,September,50,Media Manager,99089.52,5,1
CUS 0x6346,October,50,Media Manager,99089.52,579,1
CUS 0x6346,November,50,Media Manager,99089.52,5,1
CUS 0x6346,December,51,Media Manager,99089.52,5,1
CUS 0x481c,September,23,Media Manager,9307.24,4,3
CUS 0x481c,October,23,Media Manager,9307.24,4,3
CUS 0x481c,November,23,Media Manager,9307.24,4,3
CUS 0x481c,December,23,Media Manager,9307.24,4,3
CUS 0xa1ea,September,42,Architect,134316.2,8,3
CUS 0xa1ea,October,42,Architect,134316.2,8,3
CUS 0xa1ea,November,42,Architect,134316.2,8,3
CUS 0xa1ea,December,42,Architect,134316.2,8,3
CUS 0x70b2,September,40,Media Manager,38685.98,1,5
CUS 0x70b2,October,40,Media Manager,38685.98,1,5
CUS 0x70b2,November,40,Media Manager,38685.98,1,5
CUS 0x70b2,December,40,Media Manager,38685.98,1,5
CUS 0xc365,September,23,Doctor,69933.98,8,7
CUS 0xc365,October,23,Doctor,69933.98,8,7
CUS 0xc365,November,23,Doctor,69933.98,8,7
CUS 0xc365,December,23,Doctor,69933.98,8,7
CUS 0x8efa,September,26,Entrepreneur,21075.36,3,1
CUS 0x8efa,October,26,Entrepreneur,21075.36,3,1
CUS 0x8efa,November,27,Entrepreneur,21075.36,3,1
CUS 0x8efa,December,27,Entrepreneur,21075.36,3,1
CUS 0x9783,September,40,Accountant,60843.33,4,6
CUS 0x9783,October,40,Accountant,60843.33,4,6
CUS 0x9783,November,40,Accountant,60843.33,4,6
CUS 0x9783,December,40,Accountant,60843.33,4,6
CUS 0x6a17,September,36,Musician,15091.03,7,7
CUS 0x6a17,October,36,Musician,15091.03,7,7
CUS 0x6a17,November,36,Musician,15091.03,7,7
CUS 0x6a17,December,36,Musician,15091.03,7,7
CUS 0x8c03,September,20,Scientist,54987.52,4,5
CUS 0x8c03,October,20,Scientist,54987.52,4,5
CUS 0x8c03,November,20,Scientist,54987.52,4,5
CUS 0x8c03,December,20,Scientist,54987.52,4,5
CUS 0xadf6,September,38,Doctor,7506.125,252,7
CUS 0xadf6,October,39,Doctor,7506.125,10,7
CUS 0xadf6,November,39,Doctor,7506.125,10,7
CUS 0xadf6,December,39,       ,7506.125,10,7
CUS 0xa166,September,43,Engineer,17448.08,9,5
CUS 0xa166,October,43,Engineer,17448.08,9,5
CUS 0xa166,November,43,Engineer,17448.08,9,5
CUS 0xa166,December,7018,Engineer,17448.08,9,5
CUS 0x7d27,September,41,Journalist,42241.19,0,5
CUS 0x7d27,October,41,Journalist,42241.19,0,5
CUS 0x7d27,November,41,Journalist,42241.19,0,5
CUS 0x7d27,December,41,Journalist,42241.19,0,5
CUS 0x5698,September,24,Entrepreneur,31087.66,4,7
CUS 0x5698,October,24,Entrepreneur,31087.66,4,7
CUS 0x5698,November,24,Entrepreneur,31087.66,4,7
CUS 0x5698,December,24,Entrepreneur,31087.66,4,7
CUS 0x51e,September,42,Developer,132414.16,3,3
CUS 0x51e,October,42,Developer,132414.16,3,3
CUS 0x51e,November,43,Developer,132414.16,3,3
CUS 0x51e,December,43,Developer,132414.16,3,3
CUS 0xab3b,September,54,Lawyer,92794.04,4,7
CUS 0xab3b,October,54,Lawyer,92794.04,4,7
CUS 0xab3b,November,54,Lawyer,92794.04,4,7
CUS 0xab3b,December,54,Lawyer,92794.04,4,7
CUS 0xf43,September,38,Media Manager,82998.24,8,7
CUS 0xf43,October,38,Media Manager,82998.24,8,7
CUS 0xf43,November,38,Media Manager,82998.24,8,7
CUS 0xf43,December,38,Media Manager,82998.24,8,7
CUS 0x345b,September,41,Musician,16582.83,4,7
CUS 0x345b,October,2950,Musician,16582.83,4,7
CUS 0x345b,November,41,Musician,16582.83,4,7
CUS 0x345b,December,41,Musician,16582.83,4,7
CUS 0x4c34,September,46,Entrepreneur,31896.42,3,5
CUS 0x4c34,October,46,Entrepreneur,31896.42,3,5
CUS 0x4c34,November,46,Entrepreneur,31896.42,3,5
CUS 0x4c34,December,46,Entrepreneur,31896.42,3,5
CUS 0x3d51,September,21,Entrepreneur,34927,6,4
CUS 0x3d51,October,21,Entrepreneur,34927,6,4
CUS 0x3d51,November,22,Entrepreneur,34927,6,4
CUS 0x3d51,December,22,Entrepreneur,34927,6,4
CUS 0x9fff,September,54,Mechanic,25020.07,4,3
CUS 0x9fff,October,54,Mechanic,25020.07,4,3
CUS 0x9fff,November,54,Mechanic,25020.07,4,3
CUS 0x9fff,December,54,Mechanic,25020.07,4,3
CUS 0xa41e,September,7676,Doctor,82778.56,6,6
CUS 0xa41e,October,31,Doctor,82778.56,6,6
CUS 0xa41e,November,31,       ,82778.56,6,6
CUS 0xa41e,December,31,Doctor,82778.56,6,6
CUS 0x797d,September,37,Doctor,94052.22,4,4
CUS 0x797d,October,37,Doctor,94052.22,4,4
CUS 0x797d,November,37,       ,94052.22,4,4
CUS 0x797d,December,37,Doctor,94052.22,4,4
CUS 0x9c4,September,23,Writer,16355.71,9,8
CUS 0x9c4,October,23,Writer,16355.71,9,8
CUS 0x9c4,November,23,Writer,16355.71,9,8
CUS 0x9c4,December,23,Writer,16355.71,1193,8
CUS 0x9d0d,September,18,Engineer,15119.56,6,5
CUS 0x9d0d,October,19,Engineer,15119.56,6,5
CUS 0x9d0d,November,19,Engineer,15119.56,136,5
CUS 0x9d0d,December,19,Engineer,15119.56,6,5
CUS 0x602d,September,15,Teacher,20639.79,7,5
CUS 0x602d,October,16,Teacher,20639.79,7,5
CUS 0x602d,November,16,Teacher,20639.79,7,5
CUS 0x602d,December,16,Teacher,20639.79,7,5
CUS 0x63dd,September,37,Doctor,18472.71,10,6
CUS 0x63dd,October,37,Doctor,18472.71,10,6
CUS 0x63dd,November,37,Doctor,18472.71,10,6
CUS 0x63dd,December,37,Doctor,18472.71,10,6
CUS 0x3f27,September,54,Lawyer,42731.27,0,4
CUS 0x3f27,October,55,Lawyer,42731.27,0,4
CUS 0x3f27,November,55,Lawyer,42731.27,0,4
CUS 0x3f27,December,55,Lawyer,42731.27,0,4
CUS 0x67ff,September,31,Manager,82700.32,9,9
CUS 0x67ff,October,31,Manager,82700.32,9,9
CUS 0x67ff,November,5502,       ,82700.32,9,9
CUS 0x67ff,December,31,Manager,82700.32,9,9
CUS 0xc247,September,45,Developer,16133803,3,4
CUS 0xc247,October,45,Developer,11968.51,3,4
CUS 0xc247,November,45,Developer,11968.51,3,4
CUS 0xc247,December,45,Developer,11968.51,3,4
CUS 0xc723,September,32,Mechanic,33386.25,7,5
CUS 0xc723,October,32,Mechanic,33386.25,7,5
CUS 0xc723,November,32,Mechanic,33386.25,7,5
CUS 0xc723,December,33,Mechanic,33386.25,7,5
CUS 0xa213,September,16,Architect,67614.24,7,10
CUS 0xa213,October,16,Architect,67614.24,7,10
CUS 0xa213,November,16,       ,67614.24,7,10
CUS 0xa213,December,16,Architect,67614.24,1173,10
CUS 0x6065,September,36,Accountant,174304.04,1,557
CUS 0x6065,October,36,       ,174304.04,1,3
CUS 0x6065,November,36,Accountant,174304.04,1,3
CUS 0x6065,December,36,Accountant,174304.04,1,3
CUS 0x7f61,September,26,       ,68742.75,7,4
CUS 0x7f61,October,26,Doctor,68742.75,7,4
CUS 0x7f61,November,26,Doctor,68742.75,7,4
CUS 0x7f61,December,26,Doctor,68742.75,7,1171
CUS 0xb563,September,45,Journalist,15932.725,6,6
CUS 0xb563,October,46,Journalist,15932.725,6,6
CUS 0xb563,November,46,Journalist,15932.725,6,6
CUS 0xb563,December,4133,Journalist,15932.725,6,6
CUS 0x47b2,September,44,Doctor,55583.67,6,5
CUS 0x47b2,October,44,Doctor,55583.67,6,5
CUS 0x47b2,November,44,Doctor,55583.67,6,5
CUS 0x47b2,December,44,Doctor,55583.67,6,5
CUS 0x9338,September,19,Architect,72252.36,5,3
CUS 0x9338,October,19,Architect,72252.36,5,3
CUS 0x9338,November,19,Architect,72252.36,5,3
CUS 0x9338,December,19,Architect,72252.36,5,3
CUS 0x6102,September,32,       ,30399.06,5,6
CUS 0x6102,October,33,Scientist,30399.06,5,6
CUS 0x6102,November,33,Scientist,30399.06,5,6
CUS 0x6102,December,33,Scientist,30399.06,5,6
CUS 0x5794,September,42,Lawyer,8365.075,6,8
CUS 0x5794,October,42,Lawyer,8365.075,6,8
CUS 0x5794,November,42,Lawyer,8365.075,6,8
CUS 0x5794,December,42,Lawyer,8365.075,6,8
CUS 0xa560,September,20,Teacher,133410.66,1,3
CUS 0xa560,October,20,Teacher,133410.66,1,3
CUS 0xa560,November,20,Teacher,133410.66,1,3
CUS 0xa560,December,20,Teacher,133410.66,1,3
CUS 0x7fe3,September,42,Developer,19167.04,6,6
CUS 0x7fe3,October,43,Developer,19167.04,6,6
CUS 0x7fe3,November,43,Developer,19167.04,6,6
CUS 0x7fe3,December,43,Developer,19167.04,6,6
CUS 0x4c3e,September,39,Media Manager,28169.07,4,4
CUS 0x4c3e,October,39,Media Manager,28169.07,4,4
CUS 0x4c3e,November,40,Media Manager,28169.07,4,4
CUS 0x4c3e,December,40,Media Manager,28169.07,4,4
CUS 0x41e4,September,46,Teacher,12613.56,5,3
CUS 0x41e4,October,46,Teacher,12613.56,5,3
CUS 0x41e4,November,46,Teacher,12613.56,5,3
CUS 0x41e4,December,46,Teacher,12613.56,5,3
CUS 0x2484,September,19,Musician,29625.82,3,4
CUS 0x2484,October,19,Musician,29625.82,3,4
CUS 0x2484,November,19,Musician,29625.82,125,4
CUS 0x2484,December,19,Musician,29625.82,3,4
CUS 0xb560,September,22,Architect,62223.06,7,4
CUS 0xb560,October,22,Architect,62223.06,7,4
CUS 0xb560,November,2083,Architect,62223.06,7,4
CUS 0xb560,December,22,Architect,62223.06,7,4
CUS 0x4e8b,September,44,Journalist,11521978,7,6
CUS 0x4e8b,October,44,Journalist,14976.45,7,6
CUS 0x4e8b,November,44,Journalist,14976.45,7,6
CUS 0x4e8b,December,45,Journalist,14976.45,7,439
CUS 0x8b96,September,20,Doctor,82454,6,7
CUS 0x8b96,October,20,Doctor,82454,6,7
CUS 0x8b96,November,20,Doctor,82454,6,7
CUS 0x8b96,December,20,Doctor,82454,6,7
CUS 0x9b60,September,34,Architect,62874.96,3,4
CUS 0x9b60,October,3752,Architect,62874.96,3,4
CUS 0x9b60,November,34,Architect,62874.96,3,4
CUS 0x9b60,December,34,Architect,62874.96,3,4
CUS 0xaf23,September,37,Musician,17164.72,10,6
CUS 0xaf23,October,37,Musician,17164.72,10,6
CUS 0xaf23,November,37,Musician,17164.72,10,6
CUS 0xaf23,December,38,       ,17164.72,10,6
CUS 0xbda2,September,32,Manager,37302.1,3,2
CUS 0xbda2,October,32,Manager,37302.1,3,2
CUS 0xbda2,November,32,Manager,37302.1,3,2
CUS 0xbda2,December,32,Manager,37302.1,3,2
CUS 0x82cc,September,32,Architect,7526.205,8,1173
CUS 0x82cc,October,32,Architect,7526.205,8,8
CUS 0x82cc,November,32,Architect,7526.205,8,8
CUS 0x82cc,December,32,Architect,7526.205,8,8
CUS 0x7812,September,22,Scientist,19653.005,3,3
CUS 0x7812,October,22,Scientist,19653.005,3,3
CUS 0x7812,November,22,Scientist,19653.005,2,2
CUS 0x7812,December,22,Scientist,19653.005,2,2
CUS 0xc23d,September,30,Scientist,174179.64,1,7
CUS 0xc23d,October,30,Scientist,174179.64,1,7
CUS 0xc23d,November,30,       ,174179.64,1,7
CUS 0xc23d,December,30,Scientist,174179.64,1,1002
CUS 0x93bb,September,20,       ,41543.64,8,5
CUS 0x93bb,October,20,Doctor,41543.64,8,5
CUS 0x93bb,November,20,Doctor,41543.64,8,5
CUS 0x93bb,December,20,       ,41543.64,8,5
CUS 0x46e6,September,19,Developer,9582.775,9,7
CUS 0x46e6,October,19,Developer,9582.775,9,7
CUS 0x46e6,November,19,Developer,9582.775,9,7
CUS 0x46e6,December,19,       ,9582.775,9,7
CUS 0x5ccb,September,41,Teacher,21720.955,1619,4
CUS 0x5ccb,October,41,Teacher,21720.955,0,4
CUS 0x5ccb,November,42,Teacher,21720.955,0,4
CUS 0x5ccb,December,42,Teacher,21720.955,0,4
CUS 0x3ca6,September,51,Journalist,38107.36,8,7
CUS 0x3ca6,October,51,       ,38107.36,8,7
CUS 0x3ca6,November,51,       ,38107.36,8,7
CUS 0x3ca6,December,51,Journalist,38107.36,8,7
CUS 0xc081,September,15,Writer,85423.16,6,3
CUS 0xc081,October,15,Writer,85423.16,6,3
CUS 0xc081,November,15,Writer,85423.16,6,3
CUS 0xc081,December,15,Writer,85423.16,6,3
CUS 0x6345,September,29,Teacher,20308.26,6,5
CUS 0x6345,October,29,Teacher,20308.26,6,5
CUS 0x6345,November,29,Teacher,20308.26,6,5
CUS 0x6345,December,29,Teacher,20308.26,6,5
CUS 0xc6bb,September,20,Lawyer,60889.08,10,6
CUS 0xc6bb,October,21,Lawyer,60889.08,10,6
CUS 0xc6bb,November,21,Lawyer,60889.08,10,6
CUS 0xc6bb,December,21,Lawyer,60889.08,10,6
CUS 0x683,September,37,Media Manager,13603.41,6,5
CUS 0x683,October,37,Media Manager,13603.41,6,5
CUS 0x683,November,37,Media Manager,13603.41,6,5
CUS 0x683,December,37,Media Manager,13603.41,6,5
CUS 0x20e0,September,34,Media Manager,12943.475,1445,5
CUS 0x20e0,October,34,Media Manager,12943.475,5,5
CUS 0x20e0,November,34,Media Manager,12943.475,5,5
CUS 0x20e0,December,34,Media Manager,12943.475,5,5
CUS 0x3af5,September,32,       ,44483.64,8,10
CUS 0x3af5,October,32,Mechanic,44483.64,8,10
CUS 0x3af5,November,32,Mechanic,44483.64,8,10
CUS 0x3af5,December,32,Mechanic,44483.64,8,10
CUS 0xa9e3,September,32,       ,7795.54,10,6
CUS 0xa9e3,October,32,Manager,7795.54,10,6
CUS 0xa9e3,November,32,Manager,7795.54,10,6
CUS 0xa9e3,December,33,Manager,7795.54,10,6
CUS 0x3fa8,September,40,Writer,177243.92,4,6
CUS 0x3fa8,October,40,Writer,177243.92,4,6
CUS 0x3fa8,November,40,Writer,177243.92,4,6
CUS 0x3fa8,December,40,Writer,177243.92,4,6
CUS 0x791e,September,41,Musician,35518.98,8,6
CUS 0x791e,October,42,Musician,35518.98,8,590
CUS 0x791e,November,42,Musician,35518.98,8,6
CUS 0x791e,December,42,Musician,35518.98,8,6
CUS 0x9953,September,43,Journalist,8875.135,8,9
CUS 0x9953,October,43,Journalist,8875.135,8,9
CUS 0x9953,November,44,Journalist,8875.135,8,9
CUS 0x9953,December,44,Journalist,8875.135,8,9
CUS 0xaf1b,September,36,Media Manager,16708.07,6,9
CUS 0xaf1b,October,36,Media Manager,16708.07,6,9
CUS 0xaf1b,November,36,Media Manager,16708.07,6,9
CUS 0xaf1b,December,36,Media Manager,16708.07,6,9
CUS 0x8153,September,20,       ,81395.44,1,4
CUS 0x8153,October,20,Journalist,81395.44,1,4
CUS 0x8153,November,20,Journalist,10578525,1,4
CUS 0x8153,December,20,Journalist,81395.44,1,4
CUS 0x51b,September,23,Media Manager,48780.56,4,5
CUS 0x51b,October,23,Media Manager,48780.56,4,5
CUS 0x51b,November,23,Media Manager,48780.56,4,5
CUS 0x51b,December,23,Media Manager,6756952,4,5
CUS 0x2b8e,September,29,Mechanic,3894219,5,5
CUS 0x2b8e,October,29,Mechanic,141753.72,5,5
CUS 0x2b8e,November,29,Mechanic,141753.72,5,5
CUS 0x2b8e,December,29,Mechanic,141753.72,5,5
CUS 0x264c,September,44,Manager,48608.78,5,5
CUS 0x264c,October,44,Manager,48608.78,5,5
CUS 0x264c,November,44,Manager,48608.78,5,5
CUS 0x264c,December,44,Manager,48608.78,5,5
CUS 0x2e31,September,23,Scientist,63206.72,9,8
CUS 0x2e31,October,23,Scientist,63206.72,9,8
CUS 0x2e31,November,2970,Scientist,63206.72,9,8
CUS 0x2e31,December,23,Scientist,63206.72,9,8
CUS 0x4f13,September,28,Lawyer,63635.12,3,4
CUS 0x4f13,October,28,Lawyer,63635.12,3,4
CUS 0x4f13,November,28,Lawyer,63635.12,3,4
CUS 0x4f13,December,7721,Lawyer,63635.12,3,4
CUS 0x9eec,September,31,Mechanic,126849.18,2,3
CUS 0x9eec,October,31,Mechanic,126849.18,2,3
CUS 0x9eec,November,31,Mechanic,126849.18,2,3
CUS 0x9eec,December,31,       ,126849.18,2,3
CUS 0x5fbf,September,46,Developer,8779.145,10,6
CUS 0x5fbf,October,4806,Developer,8779.145,10,6
CUS 0x5fbf,November,46,Developer,8779.145,10,6
CUS 0x5fbf,December,46,Developer,8779.145,10,6
CUS 0x4c1e,September,35,Developer,16154.8,4,3
CUS 0x4c1e,October,35,Developer,16154.8,4,3
CUS 0x4c1e,November,35,Developer,16154.8,4,3
CUS 0x4c1e,December,35,Developer,13740470,4,3
CUS 0xaac3,September,55,       ,11631.405,4,7
CUS 0xaac3,October,55,Manager,11631.405,4,7
CUS 0xaac3,November,55,Manager,11631.405,4,7
CUS 0xaac3,December,55,Manager,11631.405,4,7
CUS 0x2041,September,31,Media Manager,24726.48,4,6
CUS 0x2041,October,32,Media Manager,24726.48,3,5
CUS 0x2041,November,32,Media Manager,24726.48,3,5
CUS 0x2041,December,32,Media Manager,24726.48,3,5
CUS 0xc5d6,September,25,       ,44188.5,8,9
CUS 0xc5d6,October,25,Doctor,44188.5,8,9
CUS 0xc5d6,November,25,Doctor,44188.5,8,9
CUS 0xc5d6,December,26,Doctor,44188.5,8,9
CUS 0x7b15,September,26,Accountant,13065.87,5,6
CUS 0x7b15,October,26,Accountant,13065.87,5,6
CUS 0x7b15,November,-500,Accountant,13065.87,5,6
CUS 0x7b15,December,-500,Accountant,13065.87,5,6
CUS 0x80b1,September,18,       ,13233970,7,4
CUS 0x80b1,October,18,Journalist,49447.74,7,4
CUS 0x80b1,November,18,Journalist,49447.74,7,4
CUS 0x80b1,December,18,       ,49447.74,7,4
CUS 0xa6e4,September,24,Teacher,42941.85,6,9
CUS 0xa6e4,October,24,Teacher,42941.85,6,9
CUS 0xa6e4,November,24,Teacher,42941.85,6,9
CUS 0xa6e4,December,24,Teacher,42941.85,6,9
CUS 0x942a,September,33,Doctor,37824.65,5,2
CUS 0x942a,October,33,Doctor,37824.65,5,2
CUS 0x942a,November,34,Doctor,3035017,5,2
CUS 0x942a,December,34,Doctor,37824.65,5,2
CUS 0xe94,September,53,Musician,66732.58,0,2
CUS 0xe94,October,54,Musician,66732.58,0,2
CUS 0xe94,November,54,Musician,66732.58,0,2
CUS 0xe94,December,54,Musician,66732.58,0,2
CUS 0x5d7e,September,16,Musician,61463.94,7,8
CUS 0x5d7e,October,16,Musician,61463.94,7,8
CUS 0x5d7e,November,17,Musician,61463.94,7,8
CUS 0x5d7e,December,17,Musician,61463.94,7,8
CUS 0x3474,September,39,Entrepreneur,115800.54,4,4
CUS 0x3474,October,39,Entrepreneur,115800.54,4,4
CUS 0x3474,November,39,Entrepreneur,115800.54,4,4
CUS 0x3474,December,39,Entrepreneur,115800.54,4,4
CUS 0xad9d,September,23,Doctor,88133.16,2,4
CUS 0xad9d,October,23,       ,88133.16,2,4
CUS 0xad9d,November,23,Doctor,88133.16,2,4
CUS 0xad9d,December,23,Doctor,88133.16,2,4
CUS 0x9776,September,41,Manager,27632.92,8,3
CUS 0x9776,October,41,       ,27632.92,8,3
CUS 0x9776,November,41,Manager,27632.92,8,3
CUS 0x9776,December,41,Manager,27632.92,8,3
CUS 0x6632,September,19,Journalist,21846.06,2,6
CUS 0x6632,October,19,Journalist,21846.06,2,6
CUS 0x6632,November,19,       ,21846.06,2,6
CUS 0x6632,December,19,Journalist,21846.06,2,6
CUS 0x6d4,September,30,Media Manager,8610.765,5,1197
CUS 0x6d4,October,30,Media Manager,8610.765,5,7
CUS 0x6d4,November,30,Media Manager,8610.765,5,7
CUS 0x6d4,December,30,Media Manager,8610.765,5,7
CUS 0x2db7,September,27,Engineer,49023.22,5,5
CUS 0x2db7,October,27,Engineer,49023.22,5,5
CUS 0x2db7,November,27,Engineer,49023.22,5,5
CUS 0x2db7,December,28,       ,49023.22,5,5
CUS 0x4bdf,September,43,Developer,104564.64,4,7
CUS 0x4bdf,October,43,Developer,104564.64,4,7
CUS 0x4bdf,November,43,Developer,104564.64,4,7
CUS 0x4bdf,December,43,Developer,104564.64,4,7
CUS 0x3ba2,September,28,Entrepreneur,59751.78,7,7
CUS 0x3ba2,October,28,Entrepreneur,59751.78,7,7
CUS 0x3ba2,November,28,Entrepreneur,59751.78,7,7
CUS 0x3ba2,December,28,Entrepreneur,59751.78,7,7
CUS 0x4d26,September,20,Architect,20978.49,6,10
CUS 0x4d26,October,20,Architect,20978.49,6,10
CUS 0x4d26,November,20,Architect,20978.49,6,10
CUS 0x4d26,December,20,Architect,20978.49,6,10
CUS 0x247e,September,44,Doctor,118644.36,1,2
CUS 0x247e,October,44,Doctor,118644.36,1,2
CUS 0x247e,November,45,Doctor,118644.36,1,2
CUS 0x247e,December,45,Doctor,118644.36,1,2
CUS 0x3d41,September,19,Accountant,30029.59,0,4
CUS 0x3d41,October,19,Accountant,30029.59,0,4
CUS 0x3d41,November,19,Accountant,30029.59,0,881
CUS 0x3d41,December,20,       ,30029.59,0,4
CUS 0x438b,September,20,Media Manager,81557,9,7
CUS 0x438b,October,20,Media Manager,81557,9,7
CUS 0x438b,November,20,       ,81557,9,7
CUS 0x438b,December,20,Media Manager,81557,9,167
CUS 0xa9a9,September,42,Writer,63331.9,5,4
CUS 0xa9a9,October,42,Writer,63331.9,5,4
CUS 0xa9a9,November,42,Writer,63331.9,5,4
CUS 0xa9a9,December,42,Writer,63331.9,5,4
CUS 0x68c8,September,36,Doctor,24069.55,7,7
CUS 0x68c8,October,36,Doctor,24069.55,7,7
CUS 0x68c8,November,36,Doctor,24069.55,7,7
CUS 0x68c8,December,36,Doctor,24069.55,7,7
CUS 0x7799,September,29,Manager,15762.72,3,3
CUS 0x7799,October,29,Manager,15762.72,3,3
CUS 0x7799,November,30,Manager,15762.72,3,3
CUS 0x7799,December,30,Manager,15762.72,3,3
CUS 0x7888,September,50,Architect,122713.6,5,6
CUS 0x7888,October,50,Architect,122713.6,5,6
CUS 0x7888,November,50,Architect,122713.6,5,6
CUS 0x7888,December,50,Architect,122713.6,5,6
CUS 0x1d3e,September,43,Architect,41499.21,0,5
CUS 0x1d3e,October,43,Architect,41499.21,0,5
CUS 0x1d3e,November,43,Architect,41499.21,0,5
CUS 0x1d3e,December,43,Architect,41499.21,0,5
CUS 0xa83a,September,23,Musician,82840.24,1,6
CUS 0xa83a,October,23,Musician,82840.24,1,6
CUS 0xa83a,November,23,Musician,82840.24,1,6
CUS 0xa83a,December,23,Musician,82840.24,1,6
CUS 0x43c6,September,25,Journalist,24195.37,7,7
CUS 0x43c6,October,25,Journalist,24195.37,7,7
CUS 0x43c6,November,25,Journalist,24195.37,7,7
CUS 0x43c6,December,25,Journalist,24195.37,7,7
CUS 0x534a,September,20,Scientist,78139.42,3,5
CUS 0x534a,October,20,Scientist,78139.42,3,5
CUS 0x534a,November,20,Scientist,78139.42,3,5
CUS 0x534a,December,21,Scientist,78139.42,3,5
CUS 0x8d4f,September,18,Entrepreneur,7106.15,6,5
CUS 0x8d4f,October,18,       ,7106.15,6,5
CUS 0x8d4f,November,18,Entrepreneur,7106.15,6,5
CUS 0x8d4f,December,18,Entrepreneur,7106.15,6,5
CUS 0xa45d,September,38,Doctor,20193.59,3,3
CUS 0xa45d,October,38,Doctor,20193.59,3,3
CUS 0xa45d,November,38,Doctor,20193.59,3,1427
CUS 0xa45d,December,38,Doctor,20193.59,3,3
CUS 0x7f32,September,-500,Writer,62545.59,3,6
CUS 0x7f32,October,31,Writer,62545.59,3,6
CUS 0x7f32,November,32,Writer,62545.59,3,6
CUS 0x7f32,December,32,Writer,62545.59,3,6
CUS 0x303a,September,56,       ,32011.89,2,6
CUS 0x303a,October,56,Architect,32011.89,2,6
CUS 0x303a,November,56,Architect,32011.89,2,6
CUS 0x303a,December,56,Architect,32011.89,2,6
CUS 0x8a5c,September,34,Journalist,42399.03,7,5
CUS 0x8a5c,October,34,Journalist,42399.03,7,5
CUS 0x8a5c,November,34,Journalist,42399.03,7,5
CUS 0x8a5c,December,34,Journalist,42399.03,7,766
CUS 0x36d5,September,30,Mechanic,23679.61,8,5
CUS 0x36d5,October,30,Mechanic,23679.61,8,5
CUS 0x36d5,November,30,       ,23679.61,8,5
CUS 0x36d5,December,30,Mechanic,23679.61,8,5
CUS 0x5155,September,28,Teacher,62139.51,6,10
CUS 0x5155,October,28,Teacher,62139.51,6,10
CUS 0x5155,November,28,Teacher,62139.51,6,10
CUS 0x5155,December,28,Teacher,62139.51,6,10
CUS 0x1e6b,September,26,Manager,62846.31,9,8
CUS 0x1e6b,October,5426,Manager,62846.31,9,8
CUS 0x1e6b,November,27,Manager,62846.31,9,8
CUS 0x1e6b,December,27,Manager,62846.31,9,8
CUS 0x6514,September,32,Media Manager,59438.91,6,7
CUS 0x6514,October,32,       ,59438.91,6,7
CUS 0x6514,November,32,Media Manager,59438.91,6,7
CUS 0x6514,December,32,Media Manager,59438.91,6,7
CUS 0x92ef,September,37,Mechanic,69870.88,3,6
CUS 0x92ef,October,37,Mechanic,69870.88,3,6
CUS 0x92ef,November,37,Mechanic,69870.88,3,6
CUS 0x92ef,December,37,Mechanic,69870.88,3,6
CUS 0xc3d6,September,18,Architect,76257.52,7,9
CUS 0xc3d6,October,18,Architect,76257.52,7,9
CUS 0xc3d6,November,18,       ,76257.52,7,9
CUS 0xc3d6,December,18,Architect,76257.52,7,9
CUS 0x33f0,September,33,Scientist,74450.88,6,4
CUS 0x33f0,October,33,Scientist,74450.88,6,4
CUS 0x33f0,November,33,Scientist,74450.88,6,4
CUS 0x33f0,December,33,Scientist,74450.88,6,4
CUS 0x32e5,September,32,Entrepreneur,146866.76,4,6
CUS 0x32e5,October,32,Entrepreneur,146866.76,4,6
CUS 0x32e5,November,32,Entrepreneur,146866.76,4,6
CUS 0x32e5,December,32,Entrepreneur,146866.76,4,6
CUS 0xa8e7,September,41,Lawyer,20914.44,6,7
CUS 0xa8e7,October,41,       ,20914.44,6,7
CUS 0xa8e7,November,41,Lawyer,20914.44,6,7
CUS 0xa8e7,December,41,Lawyer,20914.44,6,7
CUS 0x90d6,September,22,Engineer,18936.55,8,6
CUS 0x90d6,October,22,Engineer,18936.55,8,6
CUS 0x90d6,November,23,       ,18936.55,8,6
CUS 0x90d6,December,23,Engineer,18936.55,8,6
CUS 0x65f6,September,30,Accountant,61476.93,6,6
CUS 0x65f6,October,30,Accountant,61476.93,6,6
CUS 0x65f6,November,30,Accountant,61476.93,6,6
CUS 0x65f6,December,30,Accountant,61476.93,6,6
CUS 0xbbff,September,24,Writer,16198.305,4,7
CUS 0xbbff,October,24,Writer,16198.305,4,1364
CUS 0xbbff,November,24,       ,16198.305,4,7
CUS 0xbbff,December,24,Writer,16198.305,4,7
CUS 0x144d,September,23,Mechanic,20938.03,6,9
CUS 0x144d,October,23,Mechanic,20938.03,6,9
CUS 0x144d,November,23,Mechanic,20938.03,6,9
CUS 0x144d,December,23,Mechanic,20938.03,6,9
CUS 0x4a74,September,25,Lawyer,21364.2,3,3
CUS 0x4a74,October,25,Lawyer,21364.2,3,3
CUS 0x4a74,November,25,Lawyer,21364.2,3,3
CUS 0x4a74,December,25,Lawyer,21364.2,3,3
CUS 0xa6d9,September,34,Lawyer,96826.96,8,5
CUS 0xa6d9,October,34,Lawyer,96826.96,8,5
CUS 0xa6d9,November,34,Lawyer,96826.96,8,5
CUS 0xa6d9,December,34,Lawyer,96826.96,8,5
CUS 0x3f5f,September,45,Entrepreneur,16808.35,8,6
CUS 0x3f5f,October,45,Entrepreneur,16808.35,8,6
CUS 0x3f5f,November,45,Entrepreneur,16808.35,8,6
CUS 0x3f5f,December,4787,Entrepreneur,16808.35,8,6
CUS 0x29b2,September,22,Media Manager,59930.04,7,8
CUS 0x29b2,October,22,Media Manager,59930.04,7,8
CUS 0x29b2,November,22,Media Manager,59930.04,7,8
CUS 0x29b2,December,22,Media Manager,59930.04,7,8
CUS 0x58d0,September,52,Musician,128279.16,2,6
CUS 0x58d0,October,53,Musician,128279.16,2,6
CUS 0x58d0,November,53,Musician,128279.16,2,6
CUS 0x58d0,December,53,Musician,128279.16,2,6
CUS 0x768c,September,25,Lawyer,20976455,9,5
CUS 0x768c,October,25,Lawyer,53908.41,9,5
CUS 0x768c,November,25,       ,53908.41,9,5
CUS 0x768c,December,25,Lawyer,53908.41,9,5
CUS 0x32b1,September,46,Manager,16718.08,8,10
CUS 0x32b1,October,46,Manager,16718.08,8,10
CUS 0x32b1,November,46,Manager,16718.08,8,10
CUS 0x32b1,December,46,Manager,16718.08,8,10
CUS 0x17f3,September,39,Manager,83355.33,6,4
CUS 0x17f3,October,39,Manager,83355.33,6,4
CUS 0x17f3,November,39,Manager,83355.33,6,548
CUS 0x17f3,December,39,Manager,83355.33,6,4
CUS 0x8831,September,44,Media Manager,11646.19,6,3
CUS 0x8831,October,44,Media Manager,11646.19,6,3
CUS 0x8831,November,44,Media Manager,11646.19,6,3
CUS 0x8831,December,44,Media Manager,11646.19,6,3
CUS 0x83a4,September,46,Writer,69577.92,5,6
CUS 0x83a4,October,46,Writer,69577.92,5,6
CUS 0x83a4,November,46,Writer,69577.92,5,6
CUS 0x83a4,December,46,Writer,69577.92,5,6
CUS 0x5db1,September,37,Developer,25621.01,3,7
CUS 0x5db1,October,37,Developer,25621.01,3,7
CUS 0x5db1,November,37,Developer,25621.01,3,7
CUS 0x5db1,December,37,Developer,25621.01,3,7
CUS 0x58f,September,29,       ,55324.29,9,5
CUS 0x58f,October,30,Architect,55324.29,9,5
CUS 0x58f,November,30,Architect,55324.29,9,5
CUS 0x58f,December,30,Architect,55324.29,9,5
CUS 0x437c,September,45,Lawyer,42947.49,4,7
CUS 0x437c,October,45,Lawyer,42947.49,4,7
CUS 0x437c,November,46,Lawyer,42947.49,4,7
CUS 0x437c,December,46,Lawyer,42947.49,4,7
CUS 0x28df,September,17,       ,49023.6,5,6
CUS 0x28df,October,17,Scientist,49023.6,5,6
CUS 0x28df,November,17,Scientist,49023.6,5,6
CUS 0x28df,December,17,Scientist,49023.6,5,6
CUS 0x5e3b,September,37,       ,60263.43,10,5
CUS 0x5e3b,October,37,Entrepreneur,60263.43,10,5
CUS 0x5e3b,November,37,Entrepreneur,60263.43,10,5
CUS 0x5e3b,December,38,Entrepreneur,60263.43,10,5
CUS 0x2e15,September,37,       ,44036.97,2,3
CUS 0x2e15,October,37,Teacher,44036.97,2,3
CUS 0x2e15,November,37,Teacher,44036.97,2,3
CUS 0x2e15,December,38,Teacher,44036.97,2,3
CUS 0x52e7,September,19,       ,12681.45,6,7
CUS 0x52e7,October,19,Developer,12681.45,6,7
CUS 0x52e7,November,19,Developer,12681.45,6,7
CUS 0x52e7,December,19,Developer,12681.45,6,7
CUS 0xc4c9,September,30,Entrepreneur,16568.425,5,3
CUS 0xc4c9,October,30,Entrepreneur,16568.425,5,3
CUS 0xc4c9,November,30,Entrepreneur,16568.425,5,3
CUS 0xc4c9,December,30,Entrepreneur,16568.425,5,3
CUS 0xac39,September,30,Writer,14952.03,10,8
CUS 0xac39,October,30,Writer,14952.03,10,8
CUS 0xac39,November,30,Writer,14952.03,10,8
CUS 0xac39,December,30,Writer,14952.03,10,8
CUS 0x448c,September,16,Mechanic,101500.92,4,6
CUS 0x448c,October,16,Mechanic,101500.92,4,6
CUS 0x448c,November,16,Mechanic,101500.92,4,6
CUS 0x448c,December,16,Mechanic,101500.92,4,6
CUS 0x2719,September,44,Engineer,155726.76,2,3
CUS 0x2719,October,44,Engineer,155726.76,2,3
CUS 0x2719,November,44,Engineer,155726.76,2,3
CUS 0x2719,December,44,Engineer,155726.76,2,3
CUS 0x76d4,September,47,Entrepreneur,36591.25,7,5
CUS 0x76d4,October,47,Entrepreneur,36591.25,7,5
